meterID,testYear,installationYear,meterSize,meterMake,accuracy
35826455,2019,1991,5/8,NEPTUNE,98.72%
85381440,2018,2007,5/8,NEPTUNE,0.00%
43165289,2019,1997,5/8,NEPTUNE,98.95%
42947481,2019,1997,5/8,NEPTUNE,99.86%
18432485,2019,2002,5/8,BADGER,99.85%
42721343,2019,1997,5/8,NEPTUNE,98.66%
87593841,2018,2009,"5/8""",NEPTUNE,100.58%
94305525,2018,1994,5/8,BADGER,97.92%
94206286,2018,1994,5/8,BADGER,100.13%
28619093,2019,1975,5/8,NEPTUNE,99.83%
749114,2018,1952,5/8,TRIDENT,96.65%
42500569,2018,1996,5/8,NEPTUNE,92.70%
41011226,2019,1995,5/8,NEPTUNE,98.80%
81546093,2019,2005,5/8,NEPTUNE,84.28%
85210275,2019,1995,5/8,BADGER,98.93%
94492409,2018,1994,5/8,BADGER,98.23%
28342919,2019,1982,5/8,NEPTUNE,97.72%
33464722,2019,1988,5/8,NEPTUNE,80.24%
42949864,2019,1997,"5/8""",NEPTUNE,100.65%
17921821,2019,2002,5/8,BADGER,98.99%
7174924,2019,1960,"5/8""",TRIDENT,95.94%
86241309,2018,2008,5/8,NEPTUNE,99.42%
22789146,2019,1977,5/8,NEPTUNE,97.11%
72232340,2018,2000,5/8,NEPTUNE,98.90%
45249002,2018,1998,5/8,NEPTUNE,97.60%
89402719,2018,2010,5/8,NEPTUNE,99.00%
11043053,2018,1980,"1""",BADGER,99.77%
16784669,2019,1962,5/8,TRIDENT,99.92%
90423750,2019,1990,5/8,BADGER,100.04%
42284240,2019,1996,5/8,NEPTUNE,98.61%
94707795,2018,1994,5/8,BADGER,98.99%
91376875,2018,2011,5/8,NEPTUNE,99.17%
17206757,2019,2017,5/8,BADGER,99.87%
6318285,2019,1952,5/8,TRIDENT,4.45%
89018343,2019,2010,"5/8""",NEPTUNE,97.25%
23072925,2019,1977,5/8,NEPTUNE,81.50%
73696286,2019,2000,"5/8""",NEPTUNE,99.74%
38024361,2019,1993,5/8,NEPTUNE,97.88%
84065879,2019,2007,5/8,NEPTUNE,100.10%
79705869,2019,2004,5/8,NEPTUNE,98.80%
87592315,2018,2009,5/8,NEPTUNE,97.25%
84319757,2018,2007,"5/8""",NEPTUNE,99.78%
40739052,2019,1995,5/8,NEPTUNE,99.17%
81547650,2018,2005,5/8,NEPTUNE,100.44%
33377716,2018,1988,5/8,NEPTUNE,94.13%
83619478,2019,2007,"5/8""",NEPTUNE,99.19%
78393827,2019,2003,5/8,NEPTUNE,99.71%
85638866,2019,2008,5/8,NEPTUNE,99.39%
94691723,2018,1995,5/8,BADGER,99.28%
41994386,2018,1996,5/8,NEPTUNE,99.58%
19076194,2019,2003,"5/8""",BADGER,100.87%
79405107,2018,2004,5/8,NEPTUNE,98.62%
32950261,2018,1988,5/8,NEPTUNE,96.08%
80325062,2019,2004,5/8,NEPTUNE,100.05%
94671270,2019,1995,"5/8""",BADGER,100.11%
36441816,2018,1991,5/8,NEPTUNE,99.31%
37799224,2018,1993,5/8,NEPTUNE,98.78%
43431504,2019,1997,"5/8""",NEPTUNE,98.29%
31141970,2018,1986,5/8,NEPTUNE,98.48%
44129223,2018,1998,5/8,NEPTUNE,99.29%
42501356,2018,1996,5/8,NEPTUNE,98.76%
40736603,2019,1995,5/8,NEPTUNE,98.66%
18831429,2018,2018,"5/8""",BADGER,101.40%
78395572,2018,2003,5/8,NEPTUNE,99.18%
89403165,2018,2010,5/8,NEPTUNE,99.44%
17737646,2020,2002,"5/8""",BADGER,100.62%
45251114,2019,1998,5/8,NEPTUNE,99.39%
80326178,2019,2004,5/8,NEPTUNE,99.39%
80613061,2019,2005,"5/8""",NEPTUNE,100.65%
17268671,2018,2001,5/8,BADGER,99.24%
94303813,2019,1994,5/8,BADGER,99.91%
45251195,2019,2000,"5/8""",NEPTUNE,100.22%
42947549,2018,1997,5/8,NEPTUNE,98.49%
87594353,2018,2009,5/8,NEPTUNE,99.88%
93278047,2018,2013,5/8,NEPTUNE,97.86%
41523705,2018,1996,5/8,NEPTUNE,98.88%
73695456,2018,2000,5/8,NEPTUNE,100.29%
90365135,2019,2011,5/8,NEPTUNE,99.52%
36838572,2019,1992,5/8,NEPTUNE,99.38%
18086370,2018,2002,5/8,BADGER,99.04%
94692017,2018,1995,5/8,BADGER,99.58%
37679846,2019,1992,5/8,NEPTUNE,99.32%
79406073,2019,2004,5/8,NEPTUNE,90.47%
87105756,2019,2009,5/8,NEPTUNE,96.73%
86241267,2019,2008,5/8,NEPTUNE,98.61%
91377664,2019,2011,5/8,NEPTUNE,99.80%
7432447,2019,1954,5/8,TRIDENT,99.32%
86697455,2019,2008,5/8,NEPTUNE,98.95%
45574241,2019,1999,5/8,NEPTUNE,99.91%
9219125,2018,1976,5/8,BADGER,99.45%
17922148,2019,2002,5/8,BADGER,99.25%
32746664,2018,1991,5/8,NEPTUNE,99.47%
83101096,2019,2006,5/8,NEPTUNE,94.68%
95041813,2018,1995,5/8,BADGER,100.01%
43766218,2018,1997,5/8,NEPTUNE,98.41%
18855133,2019,2003,5/8,BADGER,99.17%
83102215,2018,2006,5/8,NEPTUNE,97.03%
92154209,2018,2012,5/8,NEPTUNE,99.06%
8644773,2019,1959,5/8,TRIDENT,84.33%
94691904,2018,1995,5/8,BADGER,99.85%
46212634,2019,1999,5/8,NEPTUNE,99.82%
17417785,2019,2001,"5/8""",BADGER,100.56%
87594302,2019,2009,5/8,NEPTUNE,100.06%
92895123,2019,2012,5/8,NEPTUNE,82.72%
19078142,2018,2003,5/8,BADGER,100.56%
90731757,2019,2011,5/8,NEPTUNE,100.42%
82284132,2018,2006,5/8,NEPTUNE,100.20%
6820343,2018,1958,5/8,TRIDENT,93.65%
94707492,2018,1994,5/8,BADGER,100.44%
18855022,2018,2003,5/8,BADGER,99.52%
79079033,2019,2004,5/8,NEPTUNE,99.33%
7405769,2018,1958,5/8,TRIDENT,98.39%
94706974,2018,1994,5/8,BADGER,99.70%
81547051,2019,2005,5/8,NEPTUNE,98.82%
15480800,2019,2015,"5/8""",BADGER,100.63%
17268829,2019,2017,"5/8""",BADGER,99.82%
36443089,2018,1991,5/8,NEPTUNE,99.13%
33301821,2019,1988,5/8,NEPTUNE,93.40%
79406334,2018,2004,5/8,NEPTUNE,99.56%
23759504,2018,1978,5/8,NEPTUNE,95.50%
29164488,2019,1983,5/8,NEPTUNE,86.24%
91376564,2019,2011,5/8,NEPTUNE,98.60%
86697693,2019,2008,5/8,NEPTUNE,96.40%
42499844,2019,1996,5/8,NEPTUNE,99.43%
41327824,2019,1996,"5/8""",NEPTUNE,99.71%
84066666,2018,2007,5/8,NEPTUNE,99.23%
41162855,2018,1995,5/8,NEPTUNE,96.89%
19075772,2019,2003,5/8,BADGER,99.66%
43430472,2019,1997,5/8,NEPTUNE,98.29%
82820886,2018,2006,5/8,NEPTUNE,99.81%
36023051,2018,1991,5/8,NEPTUNE,98.81%
46940958,2019,1999,5/8,NEPTUNE,99.69%
91665542,2018,2012,5/8,NEPTUNE,98.08%
18853395,2019,2003,5/8,BADGER,100.05%
81211705,2018,2005,5/8,NEPTUNE,97.99%
41325243,2019,1995,5/8,NEPTUNE,96.66%
19078761,2018,2003,5/8,BADGER,100.33%
36441828,2019,1991,5/8,NEPTUNE,98.92%
80613301,2018,2005,5/8,NEPTUNE,99.75%
45251592,2019,1998,5/8,NEPTUNE,99.70%
18433109,2018,2002,5/8,BADGER,98.92%
92153716,2018,2012,5/8,NEPTUNE,95.91%
86240389,2019,2008,5/8,NEPTUNE,97.28%
756441,2019,1950,5/8,TRIDENT,71.27%
91663823,2019,2012,5/8,NEPTUNE,99.18%
90848109,2019,1990,"5/8""",BADGER,100.77%
34495764,2018,1990,"5/8""",NEPTUNE,99.70%
94691734,2019,1995,5/8,BADGER,99.78%
93277091,2018,2013,5/8,NEPTUNE,98.72%
19079484,2018,2003,5/8,BADGER,100.11%
94690699,2019,1995,5/8,BADGER,99.72%
2650580,2019,1952,5/8,TRIDENT,93.79%
89018598,2018,2010,5/8,NEPTUNE,0.00%
18083526,2018,2002,5/8,BADGER,99.19%
90731852,2019,2011,5/8,NEPTUNE,99.49%
18656156,2019,2003,5/8,BADGER,99.05%
74595032,2019,2000,5/8,NEPTUNE,98.00%
37689771,2019,1992,5/8,NEPTUNE,96.23%
83619511,2019,2007,5/8,NEPTUNE,98.30%
16984635,2020,2010,"5/8""",BADGER,100.37%
n/a,2018,2002,5/8,BADGER,98.64%
13484565,2019,2010,"5/8""",BADGER,100.41%
84319053,2018,2007,5/8,NEPTUNE,100.24%
19076788,2019,2003,5/8,BADGER,99.54%
90848513,2018,1990,5/8,BADGER,99.38%
92842987,2019,2012,5/8,NEPTUNE,78.83%
94705360,2018,1994,5/8,BADGER,100.73%
36441908,2018,1991,5/8,NEPTUNE,99.04%
82820342,2018,2006,5/8,NEPTUNE,98.95%
86241242,2018,2008,5/8,NEPTUNE,88.52%
14923089,2018,1958,5/8,TRIDENT,1.05%
94690801,2019,1995,5/8,BADGER,99.45%
14908070,2019,2010,"1""",BADGER,100.25%
74319109,2019,2007,"5/8""",NEPTUNE,99.11%
18378118,2020,2010,"5/8""",BADGER,100.12%
22769484,2019,1977,5/8,NEPTUNE,98.50%
16787233,2018,1970,1,NEPTUNE,100.74%
17564276,2020,2002,"5/8""",BADGER,99.87%
43765831,2019,1997,5/8,NEPTUNE,98.13%
41992944,2019,1996,5/8,NEPTUNE,99.30%
85639571,2019,2008,5/8,NEPTUNE,84.82%
37087315,2019,1992,5/8,NEPTUNE,99.91%
17417166,2019,2001,5/8,BADGER,95.45%
1554056,2019,1957,"5/8""",TRIDENT,0.00%
93276571,2019,2013,5/8,NEPTUNE,99.37%
5426426,2018,1954,5/8,TRIDENT,93.99%
43165309,2019,1997,5/8,NEPTUNE,98.11%
17736374,2018,2002,5/8,BADGER,98.14%
83617969,2019,2007,5/8,NEPTUNE,98.67%
73339556,2018,2000,5/8,NEPTUNE,97.98%
79080464,2019,2004,5/8,NEPTUNE,75.24%
17736478,2019,2002,5/8,BADGER,98.52%
41162276,2018,1995,5/8,NEPTUNE,99.22%
82820715,2018,2006,5/8,NEPTUNE,97.19%
81547152,2019,1995,5/8,NEPTUNE,99.92%
86240151,2019,2008,"5/8""",NEPTUNE,91.83%
87594250,2018,2009,5/8,NEPTUNE,99.23%
16995544,2019,2001,5/8,BADGER,99.67%
41161906,2019,1995,5/8,NEPTUNE,99.07%
6738340,2018,1951,5/8,TRIDENT,94.55%
34180087,2019,1989,5/8,NEPTUNE,98.34%
41523875,2019,1996,5/8,NEPTUNE,98.08%
33467529,2019,1988,5/8,NEPTUNE,97.13%
2020058,2019,1966,1,TRIDENT,99.35%
85638989,2019,2008,5/8,NEPTUNE,86.22%
80325112,2019,2004,5/8,NEPTUNE,98.66%
18856079,2019,2003,5/8,BADGER,99.71%
NA-t-10,2018,2000,5/8,NEPTUNE,98.91%
78395376,2019,2003,5/8,NEPTUNE,99.88%
18855020,2018,2003,5/8,BADGER,99.42%
10830454,2018,1973,5/8,BADGER,97.67%
89018101,2019,2010,5/8,NEPTUNE,97.98%
89402868,2018,2010,5/8,NEPTUNE,96.96%
41012516,2019,1995,5/8,NEPTUNE,96.85%
11115703,2018,2011,1,BADGER,99.79%
17921198,2019,2002,5/8,BADGER,100.01%
42284131,2018,1996,5/8,NEPTUNE,92.55%
65111463,2018,2009,"5/8""",NEPTUNE,84.54%
41162450,2018,1995,5/8,NEPTUNE,99.18%
45886969,2019,1999,5/8,NEPTUNE,98.55%
85381367,2018,2007,5/8,NEPTUNE,95.04%
N/A,2018,1990,5/8,BADGER,98.58%
87594392,2018,2009,5/8,NEPTUNE,98.86%
92152961,2019,2012,5/8,NEPTUNE,97.61%
43430706,2018,1997,5/8,NEPTUNE,98.32%
17737967,2018,2002,5/8,BADGER,92.20%
79406316,2018,2004,"5/8""",NEPTUNE,99.82%
81548281,2019,2005,5/8,NEPTUNE,98.63%
94304784,2018,1994,5/8,BADGER,98.92%
90488717,2018,1990,5/8,BADGER,100.82%
91376503,2018,2011,5/8,NEPTUNE,100.26%
80612574,2018,2005,5/8,NEPTUNE,98.80%
25659368,2018,1975,5/8,NEPTUNE,96.01%
13485924,2019,2010,"5/8""",BADGER,100.71%
87401352,2019,2010,"5/8""",NEPTUNE,99.27%
94305754,2018,1994,5/8,BADGER,99.90%
90364170,2018,2011,5/8,NEPTUNE,99.52%
16723319,2019,2016,"5/8""",BADGER,101.48%
41994583,2019,1996,5/8,NEPTUNE,97.10%
91188341,2019,1991,5/8,BADGER,99.71%
30112302,2018,1985,5/8,NEPTUNE,90.81%
36023461,2019,1991,5/8,NEPTUNE,99.31%
91376553,2018,2011,5/8,NEPTUNE,96.46%
28465276,2019,1982,5/8,NEPTUNE,100.08%
33464689,2019,1988,5/8,NEPTUNE,95.65%
79705701,2019,2004,5/8,NEPTUNE,84.94%
17232511,2018,2018,1,BADGER,101.59%
18431420,2019,2018,"5/8""",BADGER,99.67%
10278242,2019,1954,5/8,TRIDENT,100.16%
17566239,2019,2001,5/8,BADGER,98.89%
91664960,2019,2012,5/8,NEPTUNE,98.84%
82283609,2019,2006,5/8,NEPTUNE,98.78%
44126903,2019,1998,5/8,NEPTUNE,97.87%
90364572,2019,2011,5/8,NEPTUNE,98.94%
46212725,2018,1999,5/8,NEPTUNE,99.37%
18422697,2019,2002,5/8,BADGER,100.29%
45574486,2019,1999,5/8,NEPTUNE,100.09%
16995666,2019,2001,5/8,BADGER,98.84%
208831,2019,1956,5/8,TRIDENT,81.19%
42285606,2018,1996,5/8,NEPTUNE,98.00%
46567673,2019,1999,5/8,NEPTUNE,99.70%
42947713,2019,1997,"5/8""",NEPTUNE,98.32%
85381246,2019,2007,5/8,NEPTUNE,81.69%
43166036,2019,1997,5/8,NEPTUNE,98.71%
86240549,2019,2008,5/8,NEPTUNE,99.38%
44129083,2018,1998,5/8,NEPTUNE,96.98%
43766135,2019,1997,5/8,NEPTUNE,98.15%
17921724,2018,2002,5/8,BADGER,99.28%
7873397X,2018,2003,5/8,NEPTUNE,98.94%
18657633,2018,2003,5/8,BADGER,99.11%
29164441,2018,1983,5/8,NEPTUNE,95.66%
9353630,2019,1957,5/8,TRIDENT,78.13%
89019047,2019,2010,5/8,NEPTUNE,98.23%
45886716,2019,1999,5/8,NEPTUNE,99.21%
17206422,2019,2001,"5/8""",BADGER,99.79%
30930119,2018,1986,5/8,NEPTUNE,84.48%
42284861,2019,1996,5/8,NEPTUNE,98.32%
92152853,2018,2012,5/8,NEPTUNE,99.46%
16493167,2019,2010,"5/8""",BADGER,100.53%
87594393,2019,2009,5/8,NEPTUNE,98.41%
43764991,2019,1997,5/8,NEPTUNE,99.02%
36023044,2019,1991,5/8,NEPTUNE,83.95%
2713798,2018,1950,5/8,TRIDENT,97.82%
41161953,2019,1995,5/8,NEPTUNE,98.30%
74229636,2019,2000,5/8,NEPTUNE,99.26%
81211684,2018,2005,5/8,NEPTUNE,99.94%
79078780,2018,2004,5/8,NEPTUNE,97.91%
84319050,2019,2007,5/8,NEPTUNE,98.28%
22903381,2019,1978,5/8,NEPTUNE,99.65%
81999541,2018,2005,5/8,NEPTUNE,99.11%
85379342,2018,2007,5/8,NEPTUNE,100.05%
6820180,2018,1953,5/8,TRIDENT,97.01%
14685066,2019,2010,"5/8""",BADGER,99.79%
22932854,2019,1988,5/8,NEPTUNE,85.29%
89403149,2019,2010,5/8,NEPTUNE,98.79%
45250616,2018,1998,"5/8""",NEPTUNE,99.78%
2039751,2019,1952,5/8,TRIDENT,21.69%
43763889,2019,1997,5/8,NEPTUNE,98.48%
81211877,2018,2005,5/8,NEPTUNE,98.88%
31244895,2019,1988,5/8,NEPTUNE,101.13%
14643071,2018,1954,5/8,TRIDENT,88.10%
90489487,2018,1990,5/8,BADGER,98.16%
94304828,2018,1994,5/8,BADGER,99.52%
28619428,2019,1980,"5/8""",NEPTUNE,101.21%
42948013,2018,1997,5/8,NEPTUNE,99.12%
5252275,2019,1952,"5/8""",TRIDENT,98.54%
17232699,2018,2018,1,BADGER,102.03%
30798368,2018,1986,5/8,NEPTUNE,99.63%
43165219,2019,1997,5/8,NEPTUNE,98.18%
45887007,2019,1999,5/8,NEPTUNE,97.01%
41523228,2018,1996,5/8,NEPTUNE,97.22%
51903348,2019,2000,"5/8""",BADGER,101.15%
36442639,2018,1991,5/8,NEPTUNE,98.20%
90848265,2019,1990,5/8,BADGER,100.91%
44128113,2019,1998,5/8,NEPTUNE,98.54%
14642823,2019,1959,"5/8""",TRIDENT,85.55%
5880177,2019,1955,5/8,TRIDENT,97.43%
87108556,2018,2009,5/8,NEPTUNE,100.41%
80861916,2019,2005,5/8,NEPTUNE,97.64%
33543450,2019,1988,5/8,NEPTUNE,96.76%
80324846,2018,2004,5/8,NEPTUNE,100.16%
86699488,2019,2008,5/8,NEPTUNE,99.60%
32977542,2019,1988,5/8,NEPTUNE,82.00%
80326660,2019,2004,"5/8""",NEPTUNE,101.36%
2191502,2019,1957,5/8,TRIDENT,94.67%
81999846,2018,2006,5/8,NEPTUNE,98.96%
91664957,2019,2012,5/8,NEPTUNE,98.39%
44128768,2018,1998,5/8,NEPTUNE,97.91%
29101561,2019,2004,1,BADGER,0.00%
35826806,2018,1991,5/8,NEPTUNE,99.62%
85639216,2018,2008,5/8,NEPTUNE,98.25%
14049280,2019,2000,"5/8""",BADGER,100.21%
16657840,2019,1995,"5/8""",BADGER,100.43%
90365413,2018,2011,5/8,NEPTUNE,94.07%
93276177,2018,2013,5/8,NEPTUNE,99.05%
18432033,2019,2002,5/8,BADGER,99.12%
36946849,2018,1992,5/8,NEPTUNE,97.86%
41160395,2019,1995,"5/8""",NEPTUNE,99.27%
7405167,2018,1952,5/8,TRIDENT,97.69%
73695933,2019,2000,"5/8""",NEPTUNE,100.33%
45887009,2018,1999,5/8,NEPTUNE,99.86%
91189163,2019,1990,"5/8""",BADGER,100.53%
92841884,2019,2012,5/8,NEPTUNE,97.27%
87108327,2018,2009,5/8,NEPTUNE,99.15%
14048542,2019,2010,"5/8""",BADGER,100.67%
25195661,2019,1978,5/8,NEPTUNE,95.54%
41012772,2019,1995,"5/8""",NEPTUNE,99.04%
41325841,2018,1995,5/8,NEPTUNE,98.38%
90487924,2019,1980,5/8,BADGER,100.83%
17736322,2018,2002,5/8,BADGER,98.90%
84066668,2018,2007,5/8,NEPTUNE,99.09%
85637619,2018,2008,5/8,NEPTUNE,91.22%
37529903,2019,1992,5/8,NEPTUNE,99.07%
34079547,2018,1989,5/8,NEPTUNE,99.72%
18085479,2018,2002,5/8,BADGER,99.57%
40737409,2019,1995,5/8,NEPTUNE,95.41%
23086886,2019,1977,5/8,NEPTUNE,100.01%
46941082,2018,1999,5/8,NEPTUNE,98.50%
79404207,2019,2004,5/8,NEPTUNE,99.36%
45574201,2019,1999,5/8,NEPTUNE,98.24%
16784798,2019,1963,"5/8""",NEPTUNE,101.44%
32380331,2019,2005,1,BADGER,99.46%
41325449,2018,1995,5/8,NEPTUNE,98.51%
17922448,2019,2002,5/8,BADGER,99.17%
45886885,2018,1999,5/8,NEPTUNE,98.06%
95211785,2018,1995,5/8,BADGER,100.23%
44129069,2019,1998,"5/8""",NEPTUNE,100.11%
30554788,2019,1985,"5/8""",NEPTUNE,101.30%
15253680,2020,2010,"5/8""",BADGER,100.51%
1451459,2019,1953,5/8,TRIDENT,76.34%
3878133,2018,1953,5/8,TRIDENT,84.17%
37084244,2018,1992,5/8,NEPTUNE,98.87%
37806684,2018,1993,5/8,NEPTUNE,98.54%
73694877,2019,2000,5/8,NEPTUNE,98.41%
19078673,2018,2003,5/8,BADGER,100.08%
18856183,2018,2003,5/8,BADGER,100.66%
17418200,2019,2001,5/8,BADGER,99.32%
33544810,2019,1988,5/8,NEPTUNE,95.91%
88521634,2019,2009,5/8,NEPTUNE,98.52%
94490714,2019,1994,5/8,BADGER,100.56%
17738019,2019,2002,5/8,BADGER,97.94%
34655296,2018,1990,5/8,NEPTUNE,97.65%
78394379,2019,2003,5/8,NEPTUNE,99.71%
34077013,2018,1989,5/8,NEPTUNE,95.37%
7431197,2018,1958,5/8,TRIDENT,99.93%
94492180,2019,1994,5/8,BADGER,99.84%
14643076,2019,1956,5/8,TRIDENT,97.27%
44760514,2019,1998,5/8,NEPTUNE,99.01%
90366605,2018,2011,5/8,NEPTUNE,97.13%
95212945,2019,1995,5/8,BADGER,99.10%
41522639,2018,1996,5/8,NEPTUNE,98.44%
94692518,2019,1995,5/8,BADGER,99.11%
46941090,2018,1999,5/8,NEPTUNE,99.70%
46940554,2019,1999,5/8,NEPTUNE,98.78%
44465249,2019,1998,5/8,NEPTUNE,98.56%
89944781,2019,2010,"5/8""",NEPTUNE,98.69%
15605034,2019,2010,"5/8""",BADGER,100.48%
94796364,2019,1994,1,BADGER,98.66%
79706405,2019,2004,5/8,NEPTUNE,98.27%
37529110,2019,1992,5/8,NEPTUNE,99.45%
78395985,2018,2003,5/8,NEPTUNE,98.77%
81547654,2019,2005,5/8,NEPTUNE,99.78%
38024909,2019,1993,5/8,NEPTUNE,98.97%
81546803,2018,2005,5/8,NEPTUNE,85.53%
34079633,2018,1989,5/8,NEPTUNE,98.36%
94304998,2018,1994,5/8,BADGER,100.48%
42285009,2018,1996,5/8,NEPTUNE,98.46%
22769205,2018,1978,"5/8""",NEPTUNE,94.36%
44465815,2019,1998,5/8,NEPTUNE,99.29%
86242309,2018,2008,5/8,NEPTUNE,85.22%
79404375,2019,2004,5/8,NEPTUNE,97.24%
84319461,2019,2007,5/8,NEPTUNE,98.59%
84066297,2019,2007,5/8,NEPTUNE,99.37%
83102165,2018,2006,5/8,NEPTUNE,96.58%
17984231,2019,2018,"5/8""",BADGER,101.59%
88522997,2019,2009,"5/8""",NEPTUNE,84.62%
36443282,2018,1991,5/8,NEPTUNE,98.98%
34676809,2019,1990,5/8,NEPTUNE,77.57%
41160527,2019,1995,"5/8""",NEPTUNE,99.76%
82820393,2018,2006,5/8,NEPTUNE,82.14%
51900739,2019,2010,"5/8""",BADGER,100.41%
30664928,2019,1985,5/8,NEPTUNE,100.27%
90488316,2018,1990,5/8,BADGER,99.90%
18854776,2019,2018,"5/8""",BADGER,99.19%
82820293,2018,2006,5/8,NEPTUNE,86.39%
90364564,2018,2011,5/8,NEPTUNE,99.80%
9301596,2019,1971,5/8,BADGER,0.00%
35342006,2019,1990,1,NEPTUNE,99.93%
83619451,2019,2007,5/8,NEPTUNE,99.06%
87105816,2019,2009,5/8,NEPTUNE,98.71%
73342101,2019,2000,"5/8""",NEPTUNE,99.73%
78394504,2018,2003,5/8,NEPTUNE,100.11%
44463649,2018,1998,5/8,NEPTUNE,96.66%
9914841,2018,1955,5/8,TRIDENT,95.46%
81212026,2018,2005,5/8,NEPTUNE,99.73%
85379318,2019,2007,5/8,NEPTUNE,99.40%
78792770,2019,2003,5/8,NEPTUNE,98.75%
44465719,2018,1998,5/8,NEPTUNE,98.25%
36836023,2018,1992,5/8,NEPTUNE,98.38%
89403962,2019,2010,5/8,NEPTUNE,98.68%
95041027,2018,1995,5/8,BADGER,100.06%
18503128,2018,2019,"5/8"" ",BADGER,100.64%
41161896,2019,1995,5/8,NEPTUNE,98.98%
41326635,2018,1995,"5/8""",NEPTUNE,95.58%
85380743,2018,2007,5/8,NEPTUNE,96.78%
750598,2019,1950,5/8,TRIDENT,93.79%
41994827,2019,1996,5/8,NEPTUNE,99.25%
42501418,2019,1996,5/8,NEPTUNE,100.11%
92895817,2019,2012,5/8,NEPTUNE,98.31%
19079398,2019,2003,5/8,BADGER,100.08%
79404445,2018,2004,5/8,NEPTUNE,98.84%
41994796,2018,1996,5/8,NEPTUNE,96.58%
40738565,2019,1995,5/8,NEPTUNE,95.28%
41748366,2018,1996,5/8,NEPTUNE,97.72%
18855502,2019,1990,"5/8""",BADGER,100.44%
78733011,2019,2003,5/8,NEPTUNE,98.32%
28342758,2019,1977,5/8,NEPTUNE,100.59%
92895095,2019,2012,"5/8""",NEPTUNE,99.14%
46940438,2018,1999,5/8,NEPTUNE,98.55%
89016900,2018,2010,5/8,NEPTUNE,98.58%
44464470,2019,1998,5/8,NEPTUNE,98.53%
73341715,2019,2000,"5/8""",NEPTUNE,100.24%
85380027,2019,2008,5/8,NEPTUNE,97.20%
90364217,2019,2011,5/8,NEPTUNE,99.85%
8770781,2019,1958,5/8,TRIDENT,84.95%
40649918,2018,1995,5/8,NEPTUNE,99.97%
42720357,2019,1997,5/8,NEPTUNE,100.36%
94205382,2019,1994,5/8,BADGER,99.44%
85379500,2019,2007,5/8,NEPTUNE,98.26%
80863261,2019,2005,5/8,NEPTUNE,99.82%
87594623,2019,2009,5/8,NEPTUNE,99.36%
78393837,2019,2003,5/8,NEPTUNE,99.34%
10668529,2018,1955,5/8,TRIDENT,15.00%
86698057,2019,2008,5/8,NEPTUNE,97.17%
78733462,2018,2003,5/8,NEPTUNE,97.84%
81999396,2019,2006,5/8,NEPTUNE,84.45%
89019437,2018,2010,5/8,NEPTUNE,98.93%
88523567,2019,2009,5/8,NEPTUNE,100.03%
87592290,2018,2009,5/8,NEPTUNE,97.78%
84067207,2018,2007,5/8,NEPTUNE,98.92%
95211286,2018,1995,5/8,BADGER,99.37%
32746664,2018,2002,5/8,BADGER,99.47%
91378971,2018,2011,5/8,NEPTUNE,98.87%
22769301,2018,1970,5/8,NEPTUNE,99.59%
93276254,2018,2013,5/8,NEPTUNE,97.63%
93278255,2019,2013,5/8,NEPTUNE,98.95%
17737968,2019,2002,5/8,BADGER,94.55%
44463706,2018,1998,5/8,NEPTUNE,99.88%
37236966,2019,1992,5/8,NEPTUNE,96.74%
10492222,2019,1954,5/8,TRIDENT,89.14%
94691189,2018,1995,5/8,BADGER,99.30%
375630,2019,1951,5/8,TRIDENT,96.03%
9892199,2018,1951,5/8,TRIDENT,99.84%
43164042,2018,1997,5/8,NEPTUNE,96.20%
18855317,2019,2003,5/8,BADGER,100.29%
45886067,2018,1999,5/8,NEPTUNE,99.31%
41749144,2019,1996,5/8,NEPTUNE,98.92%
86700257,2018,2008,5/8,NEPTUNE,85.21%
89401705,2018,2010,5/8,NEPTUNE,85.75%
43164029,2019,1997,5/8,NEPTUNE,98.78%
44759367,2019,1998,5/8,NEPTUNE,98.50%
6427269,2018,1953,5/8,TRIDENT,98.28%
88523532,2018,2009,5/8,NEPTUNE,99.45%
79405122,2019,2004,5/8,NEPTUNE,99.56%
80611647,2018,2005,5/8,NEPTUNE,99.37%
78394593,2018,2003,5/8,NEPTUNE,99.14%
94492554,2019,1994,5/8,BADGER,99.85%
82820094,2019,2006,5/8,NEPTUNE,98.97%
43766363,2019,1997,5/8,NEPTUNE,99.82%
80611724,2018,2005,5/8,NEPTUNE,99.00%
29780960,2018,1980,5/8,NEPTUNE,100.92%
14686562,2019,2014,"5/8""",BADGER,100.14%
42284688,2019,1996,5/8,NEPTUNE,98.81%
16990079,2019,2001,5/8,BADGER,100.02%
44129380,2019,1998,5/8,NEPTUNE,98.60%
90424527,2019,1994,5/8,BADGER,100.11%
46939511,2018,1999,5/8,NEPTUNE,98.87%
84833853,2019,2007,5/8,NEPTUNE,0.01%
35826169,2018,1991,5/8,NEPTUNE,98.81%
45574332,2019,1999,5/8,NEPTUNE,98.35%
80324996,2019,2004,5/8,NEPTUNE,99.89%
23759202,2018,1978,"5/8""",NEPTUNE,97.32%
9211419,2018,1965,5/8,BADGER,0.00%
43165021,2019,1997,5/8,NEPTUNE,99.41%
92842424,2019,2012,5/8,NEPTUNE,99.24%
41161699,2018,1991,5/8,NEPTUNE,99.45%
87108442,2019,2009,5/8,NEPTUNE,99.89%
44127632,2020,1998,"5/8""",NEPTUNE,100.34%
36227391,2018,1991,5/8,NEPTUNE,83.42%
84319465,2018,2007,5/8,NEPTUNE,98.55%
28618768,2019,1982,5/8,NEPTUNE,99.22%
36229182,2019,1991,"5/8""",NEPTUNE,100.35%
38010147,2019,1993,5/8,NEPTUNE,97.63%
37689418,2019,1992,5/8,NEPTUNE,99.60%
42949780,2018,1997,5/8,NEPTUNE,99.06%
36023390,2018,1991,5/8,NEPTUNE,84.13%
79078608,2018,2004,5/8,NEPTUNE,99.28%
78733453,2019,2003,5/8,NEPTUNE,99.31%
44127160,2019,1998,5/8,NEPTUNE,98.19%
41011959,2018,1995,5/8,NEPTUNE,98.08%
36228469,2018,1991,5/8,NEPTUNE,100.01%
14048442,2019,2000,"5/8""",BADGER,100.40%
25108574,2019,1977,5/8,NEPTUNE,100.11%
93277767,2019,2013,5/8,NEPTUNE,98.54%
82820736,2018,2006,5/8,NEPTUNE,97.80%
44463505,2019,1998,5/8,NEPTUNE,100.44%
84320489,2019,2007,5/8,NEPTUNE,100.22%
45885528,2019,1999,5/8,NEPTUNE,99.06%
83100506,2018,2006,5/8,NEPTUNE,97.28%
80611632,2018,2005,5/8,NEPTUNE,99.17%
6038785,2018,1956,"5/8""",TRIDENT,88.99%
120182,2018,1950,5/8,TRIDENT,98.83%
45250432,2019,1998,5/8,NEPTUNE,99.04%
36440606,2019,1991,5/8,NEPTUNE,99.48%
43764943,2020,1997,"5/8""",NEPTUNE,99.19%
89017572,2019,2010,5/8,NEPTUNE,99.61%
34655891,2019,1990,5/8,NEPTUNE,97.76%
82820092,2018,2006,5/8,NEPTUNE,98.86%
90730005,2019,2011,5/8,NEPTUNE,97.96%
18654611,2018,2003,5/8,BADGER,96.70%
74229875,2018,2000,5/8,NEPTUNE,98.81%
44129628,2019,1998,5/8,NEPTUNE,100.13%
89401739,2018,2010,5/8,NEPTUNE,98.38%
78395522,2019,2003,5/8,NEPTUNE,100.48%
42285008,2018,1996,5/8,NEPTUNE,98.80%
37237212,2018,1992,"5/8""",NEPTUNE,99.42%
42720275,2018,1997,5/8,NEPTUNE,98.93%
44465802,2019,1998,5/8,NEPTUNE,98.97%
37086964,2018,1992,5/8,NEPTUNE,98.07%
42285480,2018,1996,5/8,NEPTUNE,98.34%
9353613,2018,1958,5/8,TRIDENT,87.32%
42950389,2019,1997,5/8,NEPTUNE,98.57%
46941149,2018,1999,5/8,NEPTUNE,100.02%
74595429,2019,2000,5/8,NEPTUNE,86.43%
6174633,2018,1953,5/8,TRIDENT,98.16%
17564271,2019,2017,"5/8""",BADGER,99.93%
94692734,2019,1995,"5/8""",BADGER,99.78%
81547045,2019,2005,5/8,NEPTUNE,98.87%
83102633,2018,2006,5/8,NEPTUNE,99.93%
95210059,2019,1995,5/8,BADGER,99.54%
19076164,2019,2003,5/8,BADGER,99.96%
84064722,2019,2007,5/8,NEPTUNE,98.90%
94305787,2019,1994,5/8,BADGER,100.98%
89016893,2018,2010,5/8,NEPTUNE,99.81%
15200684,2019,2015,"5/8""",BADGER,100.62%
17922380,2019,2002,5/8,BADGER,99.30%
89945277,2019,2010,5/8,NEPTUNE,98.61%
87108442,2019,2009,5/8,NEPTUNE,99.97%
19204253,2018,2003,3/4,BADGER,98.90%
46939707,2019,1999,5/8,NEPTUNE,98.89%
41326716,2018,1995,5/8,NEPTUNE,98.17%
34567739,2019,1990,5/8,NEPTUNE,87.08%
42501786,2018,1996,5/8,NEPTUNE,98.30%
85379270,2018,2007,5/8,NEPTUNE,99.95%
92154983,2019,2012,5/8,NEPTUNE,98.84%
43429057,2018,1997,5/8,NEPTUNE,99.05%
94305024,2018,1994,5/8,BADGER,99.86%
42949754,2018,1997,5/8,NEPTUNE,98.39%
44761317,2019,1998,5/8,NEPTUNE,99.32%
73341690,2019,2000,5/8,NEPTUNE,98.32%
18657569,2018,2003,5/8,BADGER,99.04%
42721439,2019,1997,5/8,NEPTUNE,96.74%
80325332,2018,2004,5/8,NEPTUNE,98.93%
11684342,2018,1957,5/8,TRIDENT,-3.80%
84833837,2018,2007,5/8,NEPTUNE,98.54%
42501811,2019,1996,5/8,NEPTUNE,101.48%
41162075,2019,1995,5/8,NEPTUNE,98.34%
28883230,2018,1983,5/8,NEPTUNE,101.45%
85639532,2018,2008,5/8,NEPTUNE,99.39%
94204714,2018,1994,5/8,BADGER,98.64%
80324930,2018,2004,5/8,NEPTUNE,99.67%
83101099,2019,2006,5/8,NEPTUNE,0.00%
78732713,2018,2003,5/8,NEPTUNE,95.63%
31511156,2019,1999,1,NEPTUNE,101.41%
25108639,2018,1978,5/8,NEPTUNE,93.44%
44759836,2019,1998,5/8,NEPTUNE,98.69%
17546416,2019,2010,"5/8""",BADGER,100.42%
30930935,2019,1986,5/8,NEPTUNE,96.29%
74594706,2018,2000,5/8,NEPTUNE,85.65%
6993630,2018,1953,5/8,TRIDENT,100.50%
38037088,2018,1993,5/8,NEPTUNE,99.99%
33467490,2019,1988,5/8,NEPTUNE,98.00%
81211478,2018,2005,5/8,NEPTUNE,98.59%
81999142,2018,2006,5/8,NEPTUNE,99.61%
85379327,2019,2007,5/8,NEPTUNE,95.99%
9741522,2019,1957,"5/8""",TRIDENT,99.37%
82283312,2018,2006,5/8,NEPTUNE,98.87%
84066199,2019,2007,"5/8""",NEPTUNE,99.75%
85378560,2018,2007,5/8,NEPTUNE,99.67%
17922420,2018,2002,5/8,BADGER,97.27%
94304416,2018,1994,5/8,BADGER,98.99%
87106558,2019,2009,5/8,NEPTUNE,97.24%
13302860,2019,2013,"5/8""",BADGER,99.80%
42501828,2019,1996,5/8,NEPTUNE,97.94%
82284156,2019,2006,5/8,NEPTUNE,98.40%
40648535,2018,1995,5/8,NEPTUNE,99.24%
81999520,2018,2006,5/8,NEPTUNE,99.26%
78733842,2018,2003,5/8,NEPTUNE,99.07%
33118304,2019,1998,5/8,NEPTUNE,98.02%
94492529,2018,1994,5/8,BADGER,99.55%
91378570,2019,2011,5/8,NEPTUNE,99.39%
46567851,2018,1999,5/8,NEPTUNE,99.61%
90489951,2020,1990,"5/8""",BADGER,101.35%
18432571,2019,2002,5/8,BADGER,99.48%
28465414,2018,1982,5/8,NEPTUNE,85.77%
17922036,2019,2002,"5/8""",BADGER,99.76%
95211690,2019,1995,5/8,BADGER,99.32%
93278304,2019,2013,5/8,NEPTUNE,82.98%
36032014,2019,1991,5/8,NEPTUNE,98.11%
78394123,2018,2003,5/8,NEPTUNE,100.08%
10830920,2018,1971,5/8,BADGER,99.35%
91377358,2019,2000,"5/8""",NEPTUNE,99.81%
42501417,2019,1996,"5/8""",NEPTUNE,99.46%
80613319,2018,2005,5/8,NEPTUNE,100.44%
27888193,2019,1981,5/8,NEPTUNE,98.91%
81210676,2018,2005,5/8,NEPTUNE,99.59%
81211920,2019,2005,5/8,NEPTUNE,99.71%
6318025,2018,1952,"5/8""",TRIDENT,94.03%
6089798,2019,1956,5/8,TRIDENT,98.38%
25108840,2019,1978,5/8,NEPTUNE,92.16%
42501417,2018,1995,5/8,BADGER,99.46%
74594584,2019,2000,5/8,NEPTUNE,99.38%
90423728,2019,1990,5/8,BADGER,99.52%
87401773,2020,2010,"5/8""",NEPTUNE,99.43%
18829998,2019,2019,"5/8"" ",BADGER,99.80%
89402284,2019,2010,5/8,NEPTUNE,99.33%
83617529,2018,2007,5/8,NEPTUNE,99.46%
81211384,2019,2005,"5/8""",NEPTUNE,85.98%
7848134,2019,1952,5/8,TRIDENT,90.62%
42501244,2019,1996,5/8,NEPTUNE,99.26%
80611830,2019,2005,5/8,NEPTUNE,100.58%
83100359,2018,2006,5/8,NEPTUNE,100.14%
44463656,2018,1998,5/8,NEPTUNE,100.22%
85379684,2018,2007,"5/8""",NEPTUNE,84.35%
78732782,2018,2003,5/8,NEPTUNE,99.38%
78733331,2018,2003,5/8,NEPTUNE,99.08%
93277745,2018,2013,5/8,NEPTUNE,85.49%
79705583,2019,2004,5/8,NEPTUNE,98.69%
44536308,2018,1998,5/8,NEPTUNE,100.23%
84318472,2018,2007,5/8,NEPTUNE,99.05%
92842403,2019,2012,"5/8""",NEPTUNE,97.78%
37797658,2019,1993,5/8,NEPTUNE,99.70%
23326887,2018,1978,5/8,NEPTUNE,99.66%
79405688,2019,2004,5/8,NEPTUNE,99.91%
82820149,2019,2006,5/8,NEPTUNE,97.33%
14687413,2020,2010,"5/8""",BADGER,100.77%
95211563,2018,1995,5/8,BADGER,99.94%
18656097,2018,2003,5/8,BADGER,99.51%
14391591,2019,2010,"1""",BADGER,100.11%
33465161,2018,1988,"5/8""",NEPTUNE,90.84%
7194713,2018,1954,"5/8""",TRIDENT,91.32%
84064816,2019,2007,"5/8""",NEPTUNE,98.86%
40650514,2019,1995,5/8,NEPTUNE,100.21%
37798840,2020,1993,"5/8""",NEPTUNE,99.70%
79405734,2019,2004,"5/8""",NEPTUNE,100.48%
4064842X,2018,1995,5/8,NEPTUNE,98.68%
45574278,2019,1999,5/8,NEPTUNE,99.29%
91665361,2018,2012,5/8,NEPTUNE,99.58%
44465801,2019,1998,5/8,NEPTUNE,99.21%
37086629,2018,1992,"5/8""",NEPTUNE,89.76%
34655852,2018,1990,5/8,NEPTUNE,98.80%
32800933,2018,1988,5/8,NEPTUNE,97.87%
78733000,2018,2003,5/8,NEPTUNE,98.65%
87107160,2018,2009,5/8,NEPTUNE,99.65%
27841821,2018,1981,5/8,NEPTUNE,89.23%
43429171,2018,1997,5/8,NEPTUNE,99.42%
82284108,2018,2006,5/8,NEPTUNE,99.96%
33895115,2018,2007,1,BADGER,100.72%
94303869,2018,1994,5/8,BADGER,99.17%
42947539,2019,1997,5/8,NEPTUNE,102.33%
78393918,2019,2003,5/8,NEPTUNE,98.57%
43429243,2018,1997,5/8,NEPTUNE,99.67%
91376543,2018,2011,5/8,NEPTUNE,98.76%
18854402,2019,2003,5/8,BADGER,99.17%
16588526,2019,2000,"5/8""",BADGER,100.24%
9353359,2018,1951,5/8,TRIDENT,82.86%
78733469,2018,2003,5/8,NEPTUNE,98.74%
17544097,2018,2017,"5/8""",BADGER,99.11%
81548990,2018,2005,5/8,NEPTUNE,99.61%
37530030,2019,1992,5/8,NEPTUNE,97.47%
92841821,2018,2012,5/8,NEPTUNE,83.40%
46212517,2018,1999,5/8,NEPTUNE,98.34%
10112252,2019,1954,5/8,TRIDENT,97.10%
17207757,2019,2001,5/8,BADGER,99.24%
85637615,2018,2008,5/8,NEPTUNE,99.36%
82283734,2019,2006,5/8,NEPTUNE,98.63%
17268859,2018,2001,5/8,BADGER,96.34%
82000137,2019,2006,5/8,NEPTUNE,99.79%
17544689,2019,2010,"5/8""",BADGER,100.71%
18655009,2019,2003,5/8,BADGER,99.86%
34566954,2018,1990,5/8,NEPTUNE,40.76%
94204750,2019,1994,5/8,BADGER,99.55%
86240560,2019,2008,5/8,NEPTUNE,98.66%
78393766,2018,2003,5/8,NEPTUNE,99.73%
85380313,2019,2007,5/8,NEPTUNE,97.51%
14412512,2019,2014,"5/8""",BADGER,99.39%
2713001,2018,1957,5/8,TRIDENT,99.66%
94705580,2019,1994,5/8,BADGER,98.90%
94691525,2019,1995,5/8,BADGER,99.61%
18655228,2019,2003,5/8,BADGER,99.35%
25108873,2018,1978,5/8,NEPTUNE,97.77%
18084189,2018,2002,5/8,BADGER,99.11%
34180705,2018,1989,5/8,NEPTUNE,78.74%
84835110,2019,2007,5/8,NEPTUNE,84.40%
15249266,2020,2010,"5/8""",BADGER,101.09%
45575062,2018,1999,5/8,NEPTUNE,99.38%
78393598,2018,2003,5/8,NEPTUNE,100.11%
94305218,2019,1994,5/8,BADGER,98.92%
46212084,2018,1999,5/8,NEPTUNE,98.89%
10492670,2019,1951,"5/8""",TRIDENT,86.08%
86698620,2019,2008,"5/8""",NEPTUNE,98.65%
16660607,2019,2016,1,BADGER,95.02%
37529471,2018,1992,5/8,NEPTUNE,96.71%
79404349,2019,2004,5/8,NEPTUNE,99.69%
8718664,2019,1956,5/8,TRIDENT,98.12%
42949643,2018,1997,5/8,NEPTUNE,98.84%
80861884,2018,2005,5/8,NEPTUNE,99.64%
93276093,2018,2013,5/8,NEPTUNE,83.64%
36226566,2018,1991,"5/8""",NEPTUNE,89.20%
92153687,2019,2012,5/8,NEPTUNE,97.12%
22789135,2018,1977,5/8,NEPTUNE,99.59%
42720229,2018,1997,5/8,NEPTUNE,100.23%
42285446,2019,1996,5/8,NEPTUNE,100.22%
22788946,2018,1980,5/8,NEPTUNE,99.59%
92842584,2019,2012,5/8,NEPTUNE,82.38%
43763939,2018,1997,5/8,NEPTUNE,99.48%
36031119,2018,2009,1,BADGER,99.04%
42949441,2019,1997,5/8,NEPTUNE,99.43%
15201371,2019,2015,"5/8""",BADGER,100.54%
44127057,2018,1998,5/8,NEPTUNE,94.33%
45251182,2019,1998,5/8,NEPTUNE,99.20%
88521776,2019,2009,5/8,NEPTUNE,99.51%
43764830,2019,1997,5/8,NEPTUNE,98.90%
41013046,2018,1995,5/8,NEPTUNE,98.54%
41993570,2018,1996,5/8,NEPTUNE,99.51%
86241861,2019,2008,5/8,NEPTUNE,99.28%
95040382,2019,1995,5/8,BADGER,100.60%
18432632,2018,2002,5/8,BADGER,99.93%
3060783,2018,1953,5/8,TRIDENT,77.28%
38024588,2018,1993,5/8,NEPTUNE,82.07%
18432702,2018,2002,5/8,BADGER,99.97%
38993172,2018,1994,5/8,NEPTUNE,98.66%
51900541,2019,2010,"5/8""",BADGER,100.27%
33467496,2018,1988,5/8,NEPTUNE,77.24%
80612339,2018,2005,5/8,NEPTUNE,99.70%
41325370,2018,1995,5/8,NEPTUNE,97.47%
40650693,2019,1995,5/8,NEPTUNE,98.68%
95042405,2018,1995,5/8,BADGER,98.67%
46941080,2018,1999,5/8,NEPTUNE,99.30%
46212640,2019,1999,5/8,NEPTUNE,98.36%
28464851,2019,1982,5/8,NEPTUNE,99.41%
45251577,2019,1998,5/8,NEPTUNE,99.19%
13622670,2019,2014,"5/8""",BADGER,100.55%
34180173,2019,1989,5/8,NEPTUNE,82.95%
41325839,2018,1995,5/8,NEPTUNE,99.36%
17737532,2019,2002,5/8,BADGER,99.23%
94705994,2019,1994,5/8,BADGER,99.78%
43766329,2018,1997,5/8,NEPTUNE,99.18%
41994244,2019,1996,5/8,NEPTUNE,99.38%
15199191,2019,2016,"5/8""",BADGER,100.18%
82284554,2019,2006,5/8,NEPTUNE,99.14%
32746499,2019,1987,5/8,NEPTUNE,98.54%
13304127,2020,2010,"5/8""",BADGER,98.42%
90423683,2018,1990,5/8,BADGER,98.76%
84833930,2019,2007,5/8,NEPTUNE,98.18%
45885880,2018,1999,5/8,NEPTUNE,99.21%
25031189,2018,1973,5/8,NEPTUNE,98.38%
13489835,2019,2010,1,BADGER,101.94%
80862464,2019,2005,5/8,NEPTUNE,99.22%
46568722,2018,1999,5/8,NEPTUNE,99.33%
86241480,2019,2008,5/8,NEPTUNE,97.42%
79705777,2018,2004,5/8,NEPTUNE,99.10%
86242294,2018,2008,5/8,NEPTUNE,99.07%
41012079,2018,1995,5/8,NEPTUNE,99.28%
17418075,2019,2001,5/8,BADGER,99.10%
46939512,2019,1999,5/8,NEPTUNE,99.55%
87107307,2019,2009,5/8,NEPTUNE,99.78%
16995541,2019,2001,5/8,BADGER,99.58%
4228554X,2018,1996,5/8,NEPTUNE,98.86%
85378822,2018,2007,5/8,NEPTUNE,40.85%
79078695,2018,2004,5/8,NEPTUNE,99.79%
37238091,2018,1992,5/8,NEPTUNE,97.04%
82284519,2018,2006,"5/8""",NEPTUNE,99.19%
17922419,2019,2002,5/8,BADGER,99.78%
16995542,2018,2001,5/8,BADGER,99.36%
41523462,2019,1996,5/8,NEPTUNE,98.54%
80862510,2018,2005,5/8,NEPTUNE,98.45%
36022990,2019,1991,5/8,NEPTUNE,99.75%
34247788,2018,1989,5/8,NEPTUNE,88.60%
85379416,2019,2007,"5/8""",NEPTUNE,97.69%
83616590,2018,2007,5/8,NEPTUNE,98.54%
43430549,2019,2008,5/8,NEPTUNE,98.83%
82819885,2018,2006,5/8,NEPTUNE,100.09%
89943525,2019,2010,5/8,NEPTUNE,95.10%
41522900,2019,1996,5/8,NEPTUNE,98.94%
15799920,2019,2016,"5/8""",BADGER,100.52%
44761209,2018,1998,5/8,NEPTUNE,72.86%
85639566,2019,2008,5/8,NEPTUNE,98.93%
83618422,2019,2007,5/8,NEPTUNE,98.54%
85379030,2018,2007,5/8,NEPTUNE,98.65%
91376552,2019,2011,5/8,NEPTUNE,97.83%
45250948,2018,1998,5/8,NEPTUNE,99.51%
79078751,2018,2004,5/8,NEPTUNE,99.84%
36023078,2019,1991,5/8,NEPTUNE,96.59%
42719635,2018,1997,5/8,NEPTUNE,98.00%
37806748,2019,1993,5/8,NEPTUNE,99.02%
91664495,2019,2012,5/8,NEPTUNE,99.54%
15478608,2019,2015,"5/8""",BADGER,100.64%
42720506,2018,1997,5/8,NEPTUNE,100.80%
1757954,2018,1959,"5/8""",TRIDENT,84.17%
25254896,2019,1978,5/8,NEPTUNE,97.84%
41994292,2019,1996,5/8,NEPTUNE,98.45%
43763770,2018,1997,5/8,NEPTUNE,98.07%
80612724,2019,2005,5/8,NEPTUNE,100.20%
28675596,2019,1983,5/8,NEPTUNE,99.75%
73339565,2018,2000,5/8,NEPTUNE,99.67%
74231177,2019,2000,5/8,NEPTUNE,99.13%
94305759,2018,1994,5/8,BADGER,98.59%
74595220,2019,2000,5/8,NEPTUNE,98.62%
92154973,2019,2012,5/8,NEPTUNE,99.28%
37082275,2018,1992,5/8,NEPTUNE,97.57%
87594114,2019,2009,5/8,NEPTUNE,92.38%
34568322,2019,1990,5/8,NEPTUNE,15.12%
14642573,2018,1959,5/8,TRIDENT,-3.80%
18500929,2019,2019,"5/8"" ",BADGER,99.98%
40739152,2018,1995,5/8,NEPTUNE,98.42%
85636817,2019,2008,5/8,NEPTUNE,84.69%
44129136,2019,1998,5/8,NEPTUNE,98.31%
45574338,2019,1999,5/8,NEPTUNE,99.12%
28309522,2018,1990,5/8,NEPTUNE,98.43%
28619345,2018,1978,5/8,NEPTUNE,80.40%
46213133,2018,1999,5/8,NEPTUNE,99.56%
36229272,2018,1991,5/8,NEPTUNE,97.52%
46939196,2018,1999,5/8,NEPTUNE,98.96%
3492301,2018,1957,5/8,TRIDENT,87.87%
17736573,2019,2002,5/8,BADGER,99.49%
37082376,2019,1992,"5/8""",NEPTUNE,98.97%
14221513,2019,2010,"5/8""",BADGER,100.54%
34567111,2019,1990,5/8,NEPTUNE,84.38%
41993981,2018,1996,5/8,NEPTUNE,99.41%
89016705,2019,2010,5/8,NEPTUNE,98.96%
28581139,2018,1982,5/8,NEPTUNE,98.90%
16451173,2019,2010,"1""",BADGER,100.11%
19078672,2019,2003,5/8,BADGER,100.92%
7518007,2019,1952,5/8,BADGER,96.21%
15199450,2018,2015,"5/8""",BADGER,100.62%
33467902,2018,1988,5/8,NEPTUNE,82.01%
16176559,2018,2019,"5/8"" ",BADGER,99.97%
80612369,2018,2005,5/8,NEPTUNE,99.92%
83100983,2019,2006,5/8,NEPTUNE,95.83%
7404113,2018,1952,5/8,TRIDENT,96.33%
73339557,2018,2000,5/8,NEPTUNE,98.86%
85638334,2019,2008,5/8,NEPTUNE,97.15%
22769426,2018,1977,5/8,NEPTUNE,97.75%
18656470,2019,2003,5/8,BADGER,99.55%
45574059,2019,1999,5/8,NEPTUNE,100.03%
41523094,2019,1996,5/8,NEPTUNE,99.57%
42947728,2019,1997,5/8,NEPTUNE,100.05%
35826965,2018,1991,5/8,NEPTUNE,99.32%
90488130,2019,1990,"5/8""",BADGER,99.45%
83617971,2018,2007,5/8,NEPTUNE,0.00%
78733408,2019,2003,5/8,NEPTUNE,99.18%
36946121,2018,1992,5/8,NEPTUNE,98.93%
5480207,2019,1952,5/8,TRIDENT,100.53%
44129138,2018,1998,5/8,NEPTUNE,98.89%
87595086,2019,2009,"5/8""",NEPTUNE,100.32%
44759347,2018,1998,5/8,NEPTUNE,99.25%
78732404,2019,2003,5/8,NEPTUNE,98.62%
6347859,2018,1957,5/8,TRIDENT,99.24%
177382X3,2018,2002,5/8,BADGER,98.97%
89016877,2019,2010,5/8,NEPTUNE,99.04%
41524251,2018,1996,5/8,NEPTUNE,99.90%
79078339,2019,2004,5/8,NEPTUNE,100.29%
41325720,2018,1995,"5/8""",NEPTUNE,99.06%
90365970,2018,2011,5/8,NEPTUNE,96.85%
17418022,2020,2001,"5/8""",BADGER,100.99%
32380308,2018,2005,1,BADGER,99.61%
80326550,2018,2004,5/8,NEPTUNE,99.73%
772371,2019,1954,5/8,TRIDENT,80.97%
33468904,2019,1988,5/8,NEPTUNE,93.64%
84835568,2019,2007,5/8,NEPTUNE,100.31%
34655597,2019,1990,5/8,NEPTUNE,71.64%
29933950,2019,1976,"5/8""",NEPTUNE,99.42%
79405513,2019,2004,5/8,NEPTUNE,99.17%
92153631,2018,2012,5/8,NEPTUNE,98.21%
30179765,2018,1985,"5/8""",NEPTUNE,14.97%
18432860,2018,2002,5/8,BADGER,96.08%
74594829,2019,2000,5/8,NEPTUNE,99.94%
15254793,2019,2010,"5/8""",BADGER,100.53%
29714467,2018,1984,5/8,NEPTUNE,86.44%
18856302,2019,2003,"5/8""",BADGER,100.03%
80611520,2019,2005,"5/8""",NEPTUNE,99.56%
80324374,2018,2004,5/8,NEPTUNE,99.85%
91378861,2019,2011,5/8,NEPTUNE,102.35%
79704341,2018,2004,5/8,NEPTUNE,98.96%
92841723,2019,2012,5/8,NEPTUNE,95.62%
90729321,2019,2011,5/8,NEPTUNE,96.85%
17736373,2018,2002,5/8,BADGER,99.87%
94707864,2019,1994,5/8,BADGER,98.04%
44759752,2018,1998,5/8,NEPTUNE,98.60%
83617070,2019,2007,5/8,NEPTUNE,95.94%
86698042,2019,2008,"5/8""",NEPTUNE,101.49%
16587747,2019,2010,"5/8""",BADGER,100.26%
36443345,2018,1991,5/8,NEPTUNE,99.22%
86698715,2018,2008,5/8,NEPTUNE,97.61%
35826192,2018,1991,5/8,NEPTUNE,99.12%
42721445,2019,1997,5/8,NEPTUNE,98.99%
37806742,2019,1993,"5/8""",NEPTUNE,101.34%
74594708,2019,2000,5/8,NEPTUNE,99.32%
84318643,2018,2007,5/8,NEPTUNE,83.37%
78395351,2019,2003,5/8,NEPTUNE,98.66%
37525385,2018,1992,5/8,NEPTUNE,98.21%
41522833,2018,1996,5/8,NEPTUNE,98.79%
46566600,2018,1999,5/8,NEPTUNE,99.07%
79078823,2019,2004,5/8,NEPTUNE,97.87%
17737699,2019,2002,"5/8""",BADGER,99.76%
44129671,2019,1998,5/8,NEPTUNE,99.81%
17922236,2018,2002,5/8,BADGER,99.68%
91376915,2018,2011,5/8,NEPTUNE,100.57%
79078630,2019,2004,5/8,NEPTUNE,99.84%
84319385,2019,2007,"5/8""",NEPTUNE,99.43%
19079161,2018,2003,5/8,BADGER,99.21%
89945232,2019,2010,5/8,NEPTUNE,99.58%
91664278,2019,2012,5/8,NEPTUNE,98.87%
1928146,2018,1958,5/8,TRIDENT,94.41%
42721457,2018,1997,5/8,NEPTUNE,99.70%
10927627,2019,1956,5/8,TRIDENT,98.74%
85378761,2018,2007,5/8,NEPTUNE,99.07%
17417018,2019,2001,5/8,BADGER,98.04%
19079396,2019,2003,5/8,BADGER,100.01%
86240711,2019,2008,"5/8""",NEPTUNE,86.18%
86239975,2019,2008,5/8,NEPTUNE,94.28%
91377780,2019,2011,5/8,NEPTUNE,98.96%
81547063,2018,2005,5/8,NEPTUNE,98.15%
84064752,2018,2007,5/8,NEPTUNE,98.91%
42283990,2018,1996,5/8,NEPTUNE,98.40%
91379287,2019,2011,5/8,NEPTUNE,99.44%
40739138,2019,1995,5/8,NEPTUNE,97.27%
93278299,2018,2013,5/8,NEPTUNE,98.42%
36443104,2018,1991,5/8,NEPTUNE,85.37%
83618992,2018,2007,5/8,NEPTUNE,83.39%
10343290,2018,1952,5/8,TRIDENT,30.53%
74594853,2019,2000,5/8,NEPTUNE,99.45%
89402309,2018,2010,5/8,NEPTUNE,98.74%
17418212,2018,2001,5/8,BADGER,100.20%
92841358,2018,2012,5/8,NEPTUNE,97.03%
13542022,2018,1957,5/8,TRIDENT,95.47%
2081701,2018,1956,5/8,TRIDENT,97.98%
46939486,2019,1999,"5/8""",NEPTUNE,99.68%
8518898,2019,1959,5/8,TRIDENT,86.50%
25254689,2019,1979,5/8,NEPTUNE,95.52%
89403024,2019,2010,"5/8""",NEPTUNE,100.85%
86698925,2018,2008,5/8,NEPTUNE,98.53%
18086071,2019,2002,5/8,BADGER,100.13%
33118226,2018,1988,5/8,NEPTUNE,94.35%
37237250,2019,1992,"5/8""",NEPTUNE,99.20%
17207657,2019,2001,5/8,BADGER,98.32%
81998359,2019,2006,5/8,NEPTUNE,99.02%
2813446,2018,1954,5/8,TRIDENT,92.60%
74595773,2018,2000,5/8,NEPTUNE,98.19%
17921039,2018,2002,5/8,BADGER,100.17%
90848851,2019,1990,5/8,BADGER,101.23%
34079368,2018,1989,5/8,NEPTUNE,92.35%
94707621,2018,1994,5/8,BADGER,100.98%
44129239,2019,1998,5/8,NEPTUNE,98.73%
84318256,2018,2007,5/8,NEPTUNE,83.16%
44759662,2018,1998,5/8,NEPTUNE,98.88%
15253187,2019,2010,"5/8""",BADGER,100.74%
90489976,2018,1990,5/8,BADGER,97.36%
6993236,2019,1958,5/8,TRIDENT,94.30%
91379041,2018,2011,5/8,NEPTUNE,98.29%
8916983X,2018,2010,5/8,NEPTUNE,98.94%
41161771,2019,1995,5/8,NEPTUNE,98.80%
73696101,2018,2000,5/8,NEPTUNE,99.83%
16984545,2019,2010,"5/8""",BADGER,100.36%
83616719,2019,2007,5/8,NEPTUNE,99.24%
16656788,2019,2010,"5/8""",BADGER,100.31%
86242226,2018,2008,5/8,NEPTUNE,97.87%
17566149,2019,2001,5/8,BADGER,99.05%
44129417,2018,1998,5/8,NEPTUNE,98.13%
37798644,2019,1993,5/8,NEPTUNE,99.69%
82283269,2019,2006,"5/8""",NEPTUNE,99.35%
8611157,2019,2005,"5/8""",NEPTUNE,-3.87%
13623813,2020,2010,"5/8""",BADGER,100.27%
90367013,2019,2011,5/8,NEPTUNE,99.81%
18085946,2018,2002,5/8,BADGER,99.56%
86241112,2018,2008,5/8,NEPTUNE,99.76%
14922967,2018,1955,5/8,TRIDENT,101.10%
92152712,2019,2012,"5/8""",NEPTUNE,99.19%
42718797,2018,1997,5/8,NEPTUNE,98.59%
18450696,2018,2018,"5/8""",BADGER,101.89%
32124848,2019,1987,5/8,NEPTUNE,78.62%
81998594,2019,2006,5/8,NEPTUNE,98.34%
88523259,2018,2009,5/8,NEPTUNE,99.34%
90730407,2018,2011,5/8,NEPTUNE,97.35%
86241238,2018,2008,5/8,NEPTUNE,98.82%
94706591,2019,1994,5/8,BADGER,99.54%
94205235,2018,1994,5/8,BADGER,100.12%
6439669,2019,1952,5/8,TRIDENT,85.22%
80326507,2018,2004,5/8,NEPTUNE,98.56%
44466085,2019,1998,5/8,NEPTUNE,97.46%
6386469,2018,1951,5/8,TRIDENT,14.87%
34031101,2018,2010,1,BADGER,101.15%
18083579,2019,2002,5/8,BADGER,97.66%
89402238,2018,2010,5/8,NEPTUNE,99.30%
86241343,2018,2008,5/8,NEPTUNE,99.83%
18431644,2020,2002,"5/8""",BADGER,100.13%
91665457,2019,2012,5/8,NEPTUNE,98.84%
45575120,2019,1999,5/8,NEPTUNE,98.71%
41011231,2018,1995,5/8,NEPTUNE,99.09%
80325335,2019,2004,5/8,NEPTUNE,99.56%
90364619,2019,2011,5/8,NEPTUNE,99.02%
82820892,2019,2006,5/8,NEPTUNE,99.12%
82820907,2019,2006,5/8,NEPTUNE,98.78%
29062858,2018,1983,5/8,NEPTUNE,100.01%
89019104,2019,2010,5/8,NEPTUNE,99.66%
17207490,2019,1990,"5/8""",BADGER,100.05%
43164065,2018,1997,5/8,NEPTUNE,98.93%
41993877,2018,1996,5/8,NEPTUNE,99.16%
14972115,2019,2014,"5/8""",BADGER,101.99%
43164091,2018,1997,5/8,NEPTUNE,96.95%
18628517,2018,2018,"5/8""",BADGER,100.31%
17736467,2019,2002,5/8,BADGER,98.96%
74232067,2018,2000,5/8,NEPTUNE,97.85%
14223416,2019,2010,"5/8""",BADGER,100.93%
17736434,2019,2002,5/8,BADGER,99.17%
17922941,2019,2002,5/8,BADGER,99.82%
42947642,2019,1997,5/8,NEPTUNE,99.73%
92841736,2019,2012,5/8,NEPTUNE,95.19%
90779510,2019,1990,5/8,BADGER,100.73%
81998339,2018,2006,5/8,NEPTUNE,98.66%
86241243,2018,2008,5/8,NEPTUNE,97.97%
15499605,2019,2010,"5/8""",BADGER,100.80%
36441261,2019,1991,5/8,NEPTUNE,99.85%
87105817,2019,2009,5/8,NEPTUNE,99.19%
82821294,2019,2006,5/8,NEPTUNE,97.66%
11596291,2018,1955,5/8,TRIDENT,95.91%
45250398,2018,1998,5/8,NEPTUNE,98.85%
36948025,2018,1992,5/8,NEPTUNE,99.85%
45251834,2018,1998,5/8,NEPTUNE,99.82%
17416830,2020,2001,"5/8""",BADGER,100.13%
28465238,2019,1982,5/8,NEPTUNE,99.64%
81212086,2018,2005,5/8,NEPTUNE,98.89%
81211927,2019,2005,5/8,NEPTUNE,82.74%
80611822,2018,2005,5/8,NEPTUNE,83.25%
46940062,2018,1999,"5/8""",NEPTUNE,100.55%
94489780,2019,1994,"5/8""",BADGER,101.80%
84318637,2018,2007,5/8,NEPTUNE,96.05%
94492181,2018,1994,5/8,BADGER,98.56%
45574982,2019,1999,5/8,NEPTUNE,98.78%
38993033,2019,1994,5/8,NEPTUNE,98.74%
95040193,2018,1995,5/8,BADGER,99.60%
81548349,2019,2005,5/8,NEPTUNE,99.03%
41522771,2019,1996,"5/8""",NEPTUNE,97.90%
33464721,2019,1988,5/8,NEPTUNE,96.27%
34079642,2019,1989,5/8,NEPTUNE,97.98%
18655782,2019,2003,5/8,BADGER,98.59%
46213205,2018,1999,5/8,NEPTUNE,98.53%
80325529,2019,2004,5/8,NEPTUNE,99.57%
89017690,2018,2010,5/8,NEPTUNE,0.00%
46213374,2019,1999,5/8,NEPTUNE,99.49%
79407121,2018,2004,5/8,NEPTUNE,98.33%
44759927,2019,1998,5/8,NEPTUNE,99.14%
93278008,2019,2013,5/8,NEPTUNE,98.92%
34655601,2019,1990,5/8,NEPTUNE,97.99%
43766228,2019,1997,5/8,NEPTUNE,99.51%
89017908,2018,2010,5/8,NEPTUNE,94.56%
94692606,2018,1995,5/8,BADGER,99.80%
42947699,2018,1997,5/8,NEPTUNE,97.75%
36946537,2018,1992,5/8,NEPTUNE,98.19%
84066669,2019,2007,5/8,NEPTUNE,99.66%
35825868,2018,1991,5/8,NEPTUNE,100.24%
41012975,2019,1995,5/8,NEPTUNE,97.71%
89017284,2019,2010,"5/8""",NEPTUNE,95.86%
15478508,2019,2010,"5/8""",BADGER,100.16%
484891,2019,1959,5/8,TRIDENT,84.79%
2873774,2019,1951,5/8,TRIDENT,81.47%
82821065,2018,2006,5/8,NEPTUNE,100.45%
45574476,2019,1999,"5/8""",NEPTUNE,100.35%
5776359,2018,1956,"5/8""",TRIDENT,91.14%
37529117,2019,1992,5/8,NEPTUNE,98.91%
23143849,2018,1983,5/8,NEPTUNE,71.80%
15208401,2020,2010,"5/8""",BADGER,100.83%
86699750,2019,2008,5/8,NEPTUNE,99.59%
14643105,2018,1956,5/8,TRIDENT,94.83%
44464345,2018,1998,5/8,NEPTUNE,98.46%
29064780,2019,1983,5/8,NEPTUNE,99.80%
78394888,2018,2003,5/8,NEPTUNE,100.16%
14642451,2018,1951,5/8,TRIDENT,98.91%
8519372,2018,1950,"5/8""",TRIDENT,96.97%
91376564,2019,2011,5/8,NEPTUNE,98.93%
92895126,2018,2012,5/8,NEPTUNE,98.77%
88523542,2018,2009,5/8,NEPTUNE,98.62%
33468975,2018,1988,5/8,NEPTUNE,84.15%
34567205,2019,1990,5/8,NEPTUNE,76.05%
74229566,2019,2000,5/8,NEPTUNE,98.97%
16587366,2018,2016,5/8,BADGER,98.62%
45250219,2018,1998,5/8,NEPTUNE,98.97%
78393904,2019,2003,5/8,NEPTUNE,100.57%
32879535,2018,2006,1,BADGER,100.94%
14176689,2018,2010,"1""",BADGER,99.96%
33467605,2019,1988,5/8,NEPTUNE,82.58%
36442561,2018,1991,5/8,NEPTUNE,98.96%
80862939,2019,2005,"5/8""",NEPTUNE,100.82%
44760992,2018,1998,5/8,NEPTUNE,98.56%
95210325,2019,1995,5/8,BADGER,99.17%
94304379,2019,1994,"5/8""",BADGER,100.84%
89017000,2018,2010,5/8,NEPTUNE,100.41%
89943029,2018,2010,5/8,NEPTUNE,100.40%
84318306,2018,2007,5/8,NEPTUNE,99.24%
74593956,2019,2000,"5/8""",NEPTUNE,100.00%
18830602,2018,2018,"5/8""",BADGER,100.16%
36442571,2018,1991,5/8,NEPTUNE,98.25%
90489098,2019,1990,5/8,BADGER,99.76%
74593237,2018,2000,5/8,NEPTUNE,98.11%
35826406,2019,1991,5/8,NEPTUNE,97.57%
17417483,2019,2001,5/8,BADGER,26.30%
41325866,2019,1995,5/8,NEPTUNE,98.93%
18085278,2019,2002,5/8,BADGER,99.83%
32688480,2019,1987,"5/8""",NEPTUNE,98.71%
33886280,2019,1989,5/8,NEPTUNE,74.73%
37689773,2018,1992,5/8,NEPTUNE,99.67%
94705414,2019,1994,5/8,BADGER,99.54%
42949665,2018,1997,5/8,NEPTUNE,98.79%
33301865,2018,1988,5/8,NEPTUNE,71.92%
15606039,2019,2010,"5/8""",BADGER,100.60%
13359679,2018,2018,1,BADGER,100.54%
45574525,2019,1999,5/8,NEPTUNE,99.62%
74592970,2018,2000,5/8,NEPTUNE,98.41%
34180860,2018,1989,5/8,NEPTUNE,84.34%
12422992,2018,1958,5/8,TRIDENT,98.71%
40650676,2019,1995,5/8,NEPTUNE,98.20%
79406133,2018,2004,5/8,NEPTUNE,98.99%
17418427,2019,2001,5/8,BADGER,84.85%
44465981,2018,1998,5/8,NEPTUNE,100.42%
45574529,2019,1999,5/8,NEPTUNE,100.42%
37084147,2019,1992,5/8,NEPTUNE,98.98%
89402236,2018,2010,5/8,NEPTUNE,98.86%
44129322,2018,1998,5/8,NEPTUNE,98.66%
94490563,2019,1994,"5/8""",BADGER,100.39%
89018096,2018,2010,5/8,NEPTUNE,84.23%
92843001,2019,2012,5/8,NEPTUNE,98.91%
32801060,2019,1988,5/8,NEPTUNE,95.16%
74595313,2018,2000,5/8,NEPTUNE,99.22%
17260714,2018,2001,5/8,BADGER,99.74%
81211590,2018,2005,5/8,NEPTUNE,85.10%
37086556,2019,1992,5/8,NEPTUNE,97.75%
42949543,2018,1997,5/8,NEPTUNE,99.57%
80863222,2019,2005,5/8,NEPTUNE,99.92%
85380830,2019,2007,5/8,NEPTUNE,94.48%
32977444,2019,1988,5/8,NEPTUNE,102.02%
33467858,2018,1988,5/8,NEPTUNE,95.23%
10242922,2018,1956,5/8,TRIDENT,95.93%
84066765,2019,2007,5/8,NEPTUNE,99.75%
45573961,2018,1999,5/8,NEPTUNE,99.76%
90364489,2019,2011,5/8,NEPTUNE,99.16%
342675,2018,1956,5/8,TRIDENT,97.51%
77106765,2019,1972,5/8,NEPTUNE,101.61%
41748249,2019,1996,5/8,NEPTUNE,99.46%
74595249,2019,2000,5/8,NEPTUNE,99.28%
78733573,2019,2003,5/8,NEPTUNE,98.86%
37237867,2018,1992,5/8,NEPTUNE,100.22%
89944441,2019,2010,5/8,NEPTUNE,96.44%
17267670,2019,2001,5/8,BADGER,99.91%
37524866,2018,1992,5/8,NEPTUNE,81.09%
5974602,2018,1957,5/8,TRIDENT,98.36%
41993874,2019,1996,5/8,NEPTUNE,97.16%
38000917,2019,1993,"5/8""",NEPTUNE,99.37%
81548978,2018,2005,5/8,NEPTUNE,99.78%
38009920,2019,1992,5/8,NEPTUNE,99.69%
17922187,2018,2002,5/8,BADGER,98.88%
82285932,2018,2006,5/8,NEPTUNE,99.36%
32947670,2019,1988,5/8,NEPTUNE,99.10%
94491144,2019,1994,5/8,BADGER,97.30%
17206539,2019,2001,5/8,BADGER,100.15%
42950404,2019,1997,5/8,NEPTUNE,98.15%
41748515,2019,1996,5/8,NEPTUNE,98.64%
17207008,2018,2001,5/8,BADGER,0.00%
80862339,2019,2005,5/8,NEPTUNE,99.37%
89402310,2018,2010,5/8,NEPTUNE,100.16%
78394302,2018,2003,5/8,NEPTUNE,99.61%
37525177,2018,1992,5/8,NEPTUNE,97.52%
80860536,2019,2005,5/8,NEPTUNE,99.34%
44129423,2018,1998,5/8,NEPTUNE,97.89%
51901763,2019,2010,"5/8""",BADGER,100.56%
80324865,2019,2004,5/8,NEPTUNE,99.20%
86698513,2019,2008,5/8,NEPTUNE,83.98%
17267215,2019,2001,5/8,BADGER,99.95%
79078119,2018,2004,5/8,NEPTUNE,100.02%
43431862,2019,1997,5/8,NEPTUNE,-3.88%
90848345,2019,1993,5/8,BADGER,99.19%
17206627,2019,2017,5/8,BADGER,99.52%
79706021,2019,2004,"5/8""",NEPTUNE,99.96%
36948092,2018,1992,5/8,NEPTUNE,99.27%
93276065,2019,2013,5/8,NEPTUNE,98.25%
36948031,2019,1992,5/8,NEPTUNE,96.64%
92894816,2018,2012,5/8,NEPTUNE,99.58%
74594793,2018,2000,5/8,NEPTUNE,97.97%
90488355,2018,1990,5/8,BADGER,99.99%
41325903,2019,1996,5/8,NEPTUNE,97.30%
42284793,2018,1996,5/8,NEPTUNE,98.03%
83617942,2018,2007,5/8,NEPTUNE,98.91%
83100572,2019,2006,5/8,NEPTUNE,98.57%
87592755,2018,2009,5/8,NEPTUNE,98.10%
78395530,2018,2003,5/8,NEPTUNE,84.71%
91378741,2018,2011,5/8,NEPTUNE,98.87%
37797916,2019,1993,5/8,NEPTUNE,97.64%
87108445,2018,2009,5/8,NEPTUNE,99.96%
84319039,2018,2007,5/8,NEPTUNE,91.90%
85378549,2019,2007,5/8,NEPTUNE,-3.84%
89403616,2018,2010,5/8,NEPTUNE,99.06%
80610994,2018,2005,5/8,NEPTUNE,99.09%
81999289,2019,2006,"5/8""",NEPTUNE,100.25%
79078792,2018,2004,5/8,NEPTUNE,91.90%
41162086,2018,1995,5/8,NEPTUNE,97.42%
33377973,2018,1988,"5/8""",NEPTUNE,98.66%
90365755,2018,2011,5/8,NEPTUNE,99.96%
95210322,2019,1995,5/8,BADGER,99.19%
42947563,2018,1997,5/8,NEPTUNE,98.95%
82820265,2019,2006,5/8,NEPTUNE,98.57%
3235497,2019,1957,5/8,TRIDENT,98.98%
40648654,2018,1995,5/8,NEPTUNE,96.99%
34568244,2018,1990,5/8,NEPTUNE,76.12%
44127135,2019,1998,5/8,NEPTUNE,98.25%
7518007,2019,1941,5/8,TRIDENT,93.27%
33545184,2019,1988,5/8,NEPTUNE,79.73%
46939088,2019,1999,5/8,NEPTUNE,97.68%
80861422,2019,2005,"5/8""",NEPTUNE,85.10%
36946758,2018,1992,5/8,NEPTUNE,99.24%
17738156,2019,2002,"5/8""",BADGER,101.19%
46939815,2019,1999,5/8,NEPTUNE,98.91%
80861705,2018,2005,5/8,NEPTUNE,98.76%
93276636,2018,2013,5/8,NEPTUNE,99.50%
80325148,2018,2004,5/8,NEPTUNE,99.92%
92154969,2019,2012,5/8,NEPTUNE,99.56%
94492502,2019,1994,5/8,BADGER,99.96%
2819716,2019,1956,5/8,TRIDENT,97.22%
46212620,2018,1999,5/8,NEPTUNE,100.19%
19079057,2018,2003,5/8,BADGER,99.96%
45249076,2018,1998,5/8,NEPTUNE,99.19%
92111490,2018,1971,5/8,BADGER,0.00%
37087512,2019,1992,5/8,NEPTUNE,97.63%
73694151,2019,2000,5/8,NEPTUNE,99.01%
90364631,2018,2011,5/8,NEPTUNE,98.60%
41161808,2019,1995,5/8,NEPTUNE,98.75%
44129463,2019,1998,5/8,NEPTUNE,98.84%
41325539,2019,1995,5/8,NEPTUNE,94.35%
31244600,2019,1986,5/8,NEPTUNE,97.90%
45574533,2019,1999,5/8,NEPTUNE,99.88%
36031120,2019,2009,1,BADGER,99.89%
92894880,2018,2012,5/8,NEPTUNE,99.30%
36442643,2019,1991,5/8,NEPTUNE,98.20%
89403128,2019,2010,5/8,NEPTUNE,99.36%
85380156,2019,2007,"5/8""",NEPTUNE,97.49%
92154971,2018,2012,5/8,NEPTUNE,99.11%
86698005,2019,2008,5/8,NEPTUNE,99.15%
42720811,2018,1997,5/8,NEPTUNE,99.61%
8718695,2019,1954,"5/8""",TRIDENT,95.43%
46212510,2019,1999,5/8,NEPTUNE,98.23%
42949987,2018,1997,5/8,NEPTUNE,97.58%
22788754,2018,1977,5/8,NEPTUNE,99.08%
93278771,2018,2013,5/8,NEPTUNE,98.74%
81549068,2018,2005,5/8,NEPTUNE,100.30%
84835112,2019,2007,5/8,NEPTUNE,98.87%
4492743,2018,1951,5/8,TRIDENT,82.60%
74231342,2018,2000,5/8,NEPTUNE,98.66%
81210491,2019,2005,5/8,NEPTUNE,99.83%
46569045,2018,1999,5/8,NEPTUNE,98.66%
88523537,2018,2009,5/8,NEPTUNE,59.46%
85639144,2018,2008,5/8,NEPTUNE,97.79%
51913082,2019,2010,"5/8""",BADGER,100.32%
16986501,2020,2010,"5/8""",BADGER,100.57%
89944947,2019,2010,5/8,NEPTUNE,84.28%
19077796,2018,2003,5/8,BADGER,99.80%
73694195,2019,2000,5/8,NEPTUNE,99.54%
74229475,2018,2000,5/8,NEPTUNE,98.24%
47327349,2018,1996,1,NEPTUNE,100.13%
82820198,2018,2006,5/8,NEPTUNE,98.61%
31142315,2019,1986,5/8,NEPTUNE,98.74%
74229621,2018,2000,5/8,NEPTUNE,98.87%
42949556,2018,1997,5/8,NEPTUNE,99.90%
51903562,2018,2019,"5/8"" ",BADGER,99.97%
42284778,2018,1996,5/8,NEPTUNE,98.91%
74232366,2018,2000,5/8,NEPTUNE,99.20%
34567471,2018,1990,5/8,NEPTUNE,77.85%
90729319,2018,2011,5/8,NEPTUNE,97.14%
18855180,2018,2003,5/8,BADGER,100.85%
16786344,2019,1964,"5/8""",BADGER,100.88%
38010083,2019,1993,5/8,NEPTUNE,100.06%
94305124,2019,1994,"5/8""",BADGER,100.33%
18853041,2018,2003,5/8,BADGER,100.17%
81546678,2019,2005,"5/8""",NEPTUNE,99.94%
94304429,2018,1994,5/8,BADGER,98.81%
85378796,2019,2007,"5/8""",NEPTUNE,100.71%
80324520,2018,2004,5/8,NEPTUNE,99.89%
17564672,2018,2001,5/8,BADGER,100.17%
3462525,2019,1957,5/8,TRIDENT,96.93%
17736418,2018,2002,5/8,BADGER,98.35%
73341193,2019,2000,5/8,NEPTUNE,98.48%
42947633,2018,1997,5/8,NEPTUNE,97.91%
92895341,2018,2012,5/8,NEPTUNE,98.20%
45573991,2018,1999,5/8,NEPTUNE,99.44%
73342158,2018,2000,5/8,NEPTUNE,98.91%
42949691,2018,1997,5/8,NEPTUNE,-3.90%
80863332,2018,2005,5/8,NEPTUNE,100.27%
40648395,2019,1995,5/8,NEPTUNE,98.00%
18831425,2018,2019,"5/8"" ",BADGER,99.25%
17267680,2019,2001,5/8,BADGER,98.86%
89943376,2019,2010,5/8,NEPTUNE,98.46%
33302469,2019,1988,5/8,NEPTUNE,95.46%
82819724,2019,2006,5/8,NEPTUNE,85.28%
82820842,2018,2006,5/8,NEPTUNE,99.19%
22769502,2019,1977,5/8,NEPTUNE,98.53%
88523659,2019,2009,"5/8""",NEPTUNE,99.75%
45251682,2019,1998,5/8,NEPTUNE,100.00%
80326676,2018,2004,5/8,NEPTUNE,95.78%
18649648,2019,2003,3/4,BADGER,99.03%
18656632,2019,2003,5/8,BADGER,99.12%
83616596,2018,2007,5/8,NEPTUNE,97.12%
79405352,2018,2004,5/8,NEPTUNE,96.45%
34452076,2018,1989,5/8,NEPTUNE,100.42%
18084705,2019,2002,"5/8""",BADGER,100.59%
41748322,2018,1996,5/8,NEPTUNE,98.79%
18086327,2018,2002,5/8,BADGER,99.27%
46941097,2019,1999,5/8,NEPTUNE,98.86%
14222392,2019,2010,"5/8""",BADGER,99.98%
41161880,2019,1995,5/8,NEPTUNE,98.81%
94304256,2018,1994,5/8,BADGER,99.98%
34658618,2018,1990,5/8,NEPTUNE,93.37%
35827058,2019,1991,"5/8""",NEPTUNE,101.24%
90779518,2019,1990,5/8,BADGER,98.35%
18431244,2018,2002,5/8,BADGER,99.56%
13388851,2018,1957,5/8,TRIDENT,84.43%
79404201,2019,2004,5/8,NEPTUNE,99.17%
88523584,2019,2009,5/8,NEPTUNE,97.62%
74231598,2018,2000,5/8,NEPTUNE,98.18%
41325541,2019,1996,5/8,NEPTUNE,98.95%
17566054,2018,2001,5/8,BADGER,100.06%
36441853,2019,1991,5/8,NEPTUNE,96.81%
18657228,2018,2003,5/8,BADGER,99.78%
85379359,2019,2007,5/8,NEPTUNE,94.91%
83101491,2018,2006,5/8,NEPTUNE,83.46%
43766245,2018,1997,5/8,NEPTUNE,100.09%
80861053,2018,2005,5/8,NEPTUNE,98.74%
89403104,2018,2010,5/8,NEPTUNE,98.78%
35829206,2019,1991,5/8,NEPTUNE,98.56%
85381448,2018,2007,5/8,NEPTUNE,97.67%
80326456,2019,2004,5/8,NEPTUNE,99.64%
18656639,2019,1990,"5/8""",BADGER,100.96%
23222495,2018,1977,"5/8""",NEPTUNE,94.11%
42283939,2018,1996,5/8,NEPTUNE,98.77%
34182646,2018,1989,5/8,NEPTUNE,83.65%
92153736,2019,2012,5/8,NEPTUNE,98.66%
44760893,2019,1998,5/8,NEPTUNE,99.61%
79405373,2018,2004,5/8,NEPTUNE,99.89%
90778619,2019,1990,5/8,BADGER,100.07%
90489864,2018,1990,5/8,BADGER,100.21%
39010037,2019,1993,5/8,NEPTUNE,14.70%
90730187,2019,2011,5/8,NEPTUNE,98.56%
32124843,2019,1980,5/8,NEPTUNE,85.57%
93277744,2018,2013,5/8,NEPTUNE,99.05%
33887227,2018,1989,5/8,NEPTUNE,92.66%
36440983,2019,1991,5/8,NEPTUNE,98.99%
82283150,2019,2006,5/8,NEPTUNE,99.54%
80612572,2019,2005,5/8,NEPTUNE,99.82%
42720344,2018,1997,5/8,NEPTUNE,98.64%
80861313,2019,2005,5/8,NEPTUNE,98.98%
35827014,2018,1991,5/8,NEPTUNE,100.39%
7194829,2019,1951,5/8,TRIDENT,85.69%
91664234,2018,2012,5/8,NEPTUNE,99.59%
94691561,2018,1995,5/8,BADGER,99.75%
73341508,2018,2000,5/8,NEPTUNE,99.19%
45885806,2018,1999,5/8,NEPTUNE,99.14%
41010314,2018,1995,5/8,NEPTUNE,99.35%
46212584,2019,1999,5/8,NEPTUNE,98.91%
36441710,2019,1991,5/8,NEPTUNE,99.01%
90730336,2018,2011,5/8,NEPTUNE,85.52%
42502120,2019,1996,5/8,NEPTUNE,98.91%
91664599,2019,2012,5/8,NEPTUNE,99.99%
6039594,2018,1957,5/8,TRIDENT,-3.81%
41011222,2019,1995,5/8,NEPTUNE,98.36%
17738159,2018,2002,5/8,BADGER,99.80%
86240815,2019,2008,5/8,NEPTUNE,98.95%
44759576,2019,1998,5/8,NEPTUNE,99.53%
79405282,2018,2004,5/8,NEPTUNE,99.22%
83255175,2019,2004,5/8,NEPTUNE,99.88%
79705411,2019,2004,5/8,NEPTUNE,98.44%
74229867,2019,2000,5/8,NEPTUNE,99.21%
81212099,2018,2005,"5/8""",NEPTUNE,85.34%
46212833,2019,1999,"5/8""",NEPTUNE,100.89%
89018276,2019,2010,5/8,NEPTUNE,82.36%
41161535,2019,1995,5/8,NEPTUNE,99.08%
17728646,2018,2019,"5/8"" ",BADGER,99.77%
38037514,2018,1993,5/8,NEPTUNE,98.27%
25108827,2020,1980,"5/8""",NEPTUNE,101.02%
44127094,2019,1998,5/8,NEPTUNE,100.10%
79080300,2018,2004,5/8,NEPTUNE,99.05%
42720816,2018,1997,5/8,NEPTUNE,99.50%
36020591,2019,1991,5/8,NEPTUNE,99.05%
34651946,2019,1990,5/8,NEPTUNE,99.57%
37806847,2019,1993,5/8,NEPTUNE,99.77%
35826295,2019,1991,5/8,NEPTUNE,98.32%
6075562,2019,1951,5/8,TRIDENT,98.18%
37236687,2018,1992,5/8,NEPTUNE,97.46%
51913103,2020,2010,"5/8""",BADGER,100.46%
44129176,2019,1998,5/8,NEPTUNE,100.08%
95041643,2018,1995,5/8,BADGER,100.51%
17921269,2018,2002,5/8,BADGER,99.80%
32746664,2019,1987,5/8,NEPTUNE,99.47%
94705444,2018,1994,5/8,BADGER,100.65%
81999373,2019,2006,5/8,NEPTUNE,98.26%
90365140,2018,2011,5/8,NEPTUNE,98.84%
41011228,2018,1995,5/8,NEPTUNE,98.53%
9741279,2018,1959,5/8,TRIDENT,94.09%
41994515,2018,1996,5/8,NEPTUNE,98.00%
92841823,2018,2010,5/8,NEPTUNE,96.85%
34247779,2019,1989,5/8,NEPTUNE,75.91%
18430614,2018,2002,5/8,BADGER,98.71%
10204331,2018,1951,5/8,TRIDENT,0.00%
80325734,2019,2004,5/8,NEPTUNE,98.64%
94304468,2019,1994,5/8,BADGER,98.49%
82284297,2019,2006,5/8,NEPTUNE,100.20%
73693630,2018,2010,5/8,NEPTUNE,99.49%
29062731,2019,1983,5/8,NEPTUNE,56.14%
90848780,2019,1990,5/8,BADGER,99.19%
19075768,2019,2003,5/8,BADGER,99.55%
17564529,2019,2001,5/8,BADGER,98.86%
86242163,2019,2008,5/8,NEPTUNE,98.10%
45574412,2018,1999,5/8,NEPTUNE,99.57%
90488752,2018,1990,5/8,BADGER,99.36%
74229809,2018,2000,5/8,NEPTUNE,98.86%
94491800,2018,1994,5/8,BADGER,99.76%
86697923,2018,2008,5/8,NEPTUNE,99.52%
14103621,2019,2010,"1""",BADGER,99.81%
78395952,2019,2003,5/8,NEPTUNE,98.68%
46212887,2019,1999,"5/8""",NEPTUNE,99.52%
93276616,2018,2013,5/8,NEPTUNE,98.06%
84318311,2018,2007,5/8,NEPTUNE,97.79%
44761073,2018,1998,5/8,NEPTUNE,99.44%
94691999,2019,1995,5/8,BADGER,99.54%
91376548,2018,2011,5/8,NEPTUNE,97.82%
38024395,2019,1993,"5/8""",NEPTUNE,100.42%
42721284,2019,1997,5/8,NEPTUNE,99.76%
16986705,2018,2016,"5/8""",BADGER,99.94%
18432057,2019,2002,"5/8""",BADGER,100.10%
42719991,2019,1997,5/8,NEPTUNE,99.73%
74595186,2018,2000,5/8,NEPTUNE,98.11%
6408935,2018,1957,5/8,TRIDENT,98.50%
44760175,2018,1998,5/8,NEPTUNE,95.02%
18656352,2019,2003,5/8,BADGER,99.97%
43164041,2019,1997,5/8,NEPTUNE,97.78%
81548563,2019,2005,5/8,NEPTUNE,100.12%
18084351,2019,2018,5/8,BADGER,100.04%
9688266,2018,1959,5/8,TRIDENT,99.75%
94304997,2018,1994,5/8,BADGER,99.48%
90778595,2020,1990,"5/8""",BADGER,99.84%
89018075,2018,2010,5/8,NEPTUNE,82.10%
33464696,2018,1988,5/8,NEPTUNE,77.90%
18853282,2018,2003,5/8,BADGER,99.02%
34452318,2019,1989,5/8,NEPTUNE,98.99%
33464769,2018,1988,5/8,NEPTUNE,92.19%
45574520,2018,1999,5/8,NEPTUNE,99.73%
51902648,2019,2010,"5/8""",BADGER,100.08%
33546711,2019,1988,5/8,NEPTUNE,96.01%
85380570,2019,2007,5/8,NEPTUNE,87.77%
45885738,2019,1999,5/8,NEPTUNE,97.92%
41994430,2019,1996,5/8,NEPTUNE,97.94%
86240837,2019,2008,5/8,NEPTUNE,99.22%
7794777,2018,1952,5/8,TRIDENT,98.50%
18656282,2018,2003,5/8,BADGER,99.59%
44128643,2018,1998,5/8,NEPTUNE,99.94%
94691877,2018,1995,5/8,BADGER,99.17%
30409919,2019,1985,5/8,NEPTUNE,99.68%
38009548,2019,1993,5/8,NEPTUNE,99.92%
73695355,2018,2000,5/8,NEPTUNE,98.42%
82821327,2018,2006,5/8,NEPTUNE,99.60%
89945434,2019,2010,"5/8""",NEPTUNE,100.02%
45574385,2019,1999,5/8,NEPTUNE,99.86%
84318682,2019,2007,5/8,NEPTUNE,98.48%
42949646,2018,1997,5/8,NEPTUNE,99.29%
79406947,2019,2004,5/8,NEPTUNE,99.51%
34655290,2018,1990,5/8,NEPTUNE,82.83%
37238060,2018,1992,5/8,NEPTUNE,98.57%
43165742,2019,1997,"5/8""",NEPTUNE,99.48%
42948675,2019,1997,"5/8""",NEPTUNE,101.04%
79405106,2019,2004,5/8,NEPTUNE,99.77%
41012125,2018,1995,5/8,NEPTUNE,96.75%
41326965,2019,1995,5/8,NEPTUNE,98.94%
2713329,2019,1952,"5/8""",TRIDENT,20.84%
30930027,2018,1986,5/8,NEPTUNE,100.73%
42501883,2018,1996,5/8,NEPTUNE,97.28%
8793567,2018,1951,5/8,TRIDENT,90.87%
81211572,2018,2005,5/8,NEPTUNE,99.44%
37082184,2018,1992,5/8,NEPTUNE,97.98%
78734231,2019,2003,5/8,NEPTUNE,97.42%
84066816,2018,2007,5/8,NEPTUNE,99.43%
82821187,2018,2006,"5/8""",NEPTUNE,99.74%
34079577,2018,1989,5/8,NEPTUNE,95.22%
18431947,2018,2002,5/8,BADGER,99.88%
5252696,2019,1957,5/8,TRIDENT,98.94%
37679932,2019,1992,5/8,NEPTUNE,98.12%
18855306,2019,2003,5/8,BADGER,100.33%
32879571,2019,2006,1,BADGER,100.50%
502345,2018,1957,5/8,TRIDENT,43.21%
18086088,2019,2002,5/8,BADGER,98.65%
18656134,2018,2003,5/8,BADGER,99.60%
17418274,2019,2001,5/8,BADGER,100.10%
28906497,2019,1973,5/8,NEPTUNE,99.12%
74595150,2018,2000,5/8,NEPTUNE,99.19%
94707812,2018,1994,5/8,BADGER,99.21%
17737486,2019,2002,5/8,BADGER,100.01%
18502852,2018,2019,"5/8"" ",BADGER,99.99%
43166070,2018,1997,5/8,NEPTUNE,98.06%
37529565,2019,1992,5/8,NEPTUNE,99.31%
83616684,2019,2007,5/8,NEPTUNE,98.51%
18068256,2018,2010,1,BADGER,100.26%
15250662,2019,2010,"5/8""",BADGER,100.56%
44463323,2018,1998,5/8,NEPTUNE,99.79%
84064451,2019,2007,"5/8""",NEPTUNE,100.34%
74231115,2018,2000,5/8,NEPTUNE,99.35%
41327848,2019,1996,"5/8""",NEPTUNE,97.24%
45250857,2019,1998,5/8,NEPTUNE,100.26%
447129,2019,1950,5/8,TRIDENT,99.94%
42283129,2018,1996,5/8,NEPTUNE,97.50%
60683410,2019,2000,1,NEPTUNE,100.17%
43165409,2018,1997,5/8,NEPTUNE,97.68%
79706457,2019,2004,5/8,NEPTUNE,100.02%
95040198,2019,1995,5/8,BADGER,100.16%
40648782,2019,1995,5/8,NEPTUNE,99.41%
14684246,2018,2015,"5/8""",BADGER,100.66%
8158159,2019,1956,5/8,TRIDENT,97.22%
9313519,2018,1952,5/8,TRIDENT,83.37%
94707791,2019,1994,5/8,BADGER,98.98%
18855453,2018,2003,5/8,BADGER,100.16%
10317484,2019,1952,5/8,TRIDENT,99.77%
83102676,2018,2006,5/8,NEPTUNE,99.44%
30503975,2018,1985,5/8,NEPTUNE,100.35%
17921441,2018,2002,5/8,BADGER,100.11%
43165105,2019,1997,5/8,NEPTUNE,55.21%
32287586,2018,1987,5/8,NEPTUNE,98.67%
88523305,2018,2009,5/8,NEPTUNE,99.75%
41160370,2019,1995,"5/8""",NEPTUNE,100.40%
41522964,2018,1996,5/8,NEPTUNE,99.14%
18084385,2018,2002,5/8,BADGER,98.25%
19079632,2018,2003,5/8,BADGER,100.45%
86240555,2019,2008,5/8,NEPTUNE,99.03%
18656472,2019,2003,5/8,BADGER,99.07%
89944411,2018,2010,5/8,NEPTUNE,99.18%
17737811,2019,2002,5/8,BADGER,100.45%
32163968,2019,2005,1,BADGER,102.17%
37798648,2019,1993,5/8,NEPTUNE,98.73%
44465965,2019,1998,5/8,NEPTUNE,98.66%
74230315,2018,2000,"5/8""",NEPTUNE,99.48%
17565707,2018,2001,5/8,BADGER,99.74%
43431962,2019,1997,5/8,NEPTUNE,99.06%
87593915,2019,2000,"5/8""",NEPTUNE,85.75%
18657430,2018,2003,5/8,BADGER,100.35%
82819843,2019,2006,5/8,NEPTUNE,100.43%
91377670,2018,2011,5/8,NEPTUNE,99.32%
84319901,2019,2007,5/8,NEPTUNE,99.11%
42284999,2019,1996,5/8,NEPTUNE,84.33%
18377501,2020,2010,"5/8""",BADGER,100.06%
2302130,2018,1958,5/8,TRIDENT,92.31%
43164112,2018,1997,5/8,NEPTUNE,99.21%
43166543,2018,1997,5/8,NEPTUNE,99.15%
38993035,2019,1994,5/8,NEPTUNE,98.80%
36443486,2019,1991,5/8,NEPTUNE,24.50%
86242087,2019,2008,5/8,NEPTUNE,100.11%
36021089,2019,1991,5/8,NEPTUNE,98.78%
18855656,2019,2003,"5/8""",BADGER,100.84%
6038614,2019,1953,5/8,TRIDENT,82.89%
6422,2019,1951,5/8,TRIDENT,94.93%
89017287,2018,2010,5/8,NEPTUNE,91.17%
86697613,2018,2008,5/8,NEPTUNE,98.75%
45886636,2018,1999,5/8,NEPTUNE,99.61%
78732500,2019,2003,5/8,NEPTUNE,99.00%
14970119,2019,2010,"5/8""",BADGER,100.65%
91663880,2018,2012,5/8,NEPTUNE,99.05%
85638113,2018,2008,5/8,NEPTUNE,98.33%
17566238,2019,2001,5/8,BADGER,98.62%
14686322,2019,2010,"5/8""",BADGER,99.93%
82819915,2018,2006,5/8,NEPTUNE,99.10%
34654774,2019,1990,5/8,NEPTUNE,42.93%
88523165,2019,2009,5/8,NEPTUNE,97.85%
46568602,2018,1999,5/8,NEPTUNE,98.72%
16016841,2019,2010,"5/8""",BADGER,100.63%
91376563,2019,2011,5/8,NEPTUNE,98.43%
95040048,2019,1995,5/8,BADGER,97.58%
12463162,2019,1958,5/8,TRIDENT,0.00%
15199924,2018,2015,"5/8""",BADGER,100.31%
84066635,2019,2007,5/8,NEPTUNE,97.94%
40649869,2018,1995,5/8,NEPTUNE,99.02%
36229200,2019,1991,"5/8""",NEPTUNE,101.86%
45250966,2018,1998,5/8,NEPTUNE,98.29%
41522184,2018,1996,5/8,NEPTUNE,97.86%
16444021,2018,2017,"5/8""",BADGER,99.46%
86239730,2019,2008,5/8,NEPTUNE,95.71%
17737800,2018,2002,5/8,BADGER,98.75%
2934200,2019,1950,5/8,TRIDENT,86.59%
91663677,2019,2012,5/8,NEPTUNE,99.57%
85379066,2018,2007,5/8,NEPTUNE,0.08%
533885,2019,1951,5/8,TRIDENT,94.00%
3388246,2018,1954,5/8,TRIDENT,98.46%
90848354,2018,1990,5/8,BADGER,100.35%
79705803,2018,2004,5/8,NEPTUNE,96.85%
37237692,2018,1992,5/8,NEPTUNE,98.49%
83102175,2018,2006,5/8,NEPTUNE,98.59%
23248862,2019,1977,5/8,NEPTUNE,99.88%
32688641,2018,1987,5/8,NEPTUNE,97.44%
16900658,2018,1979,5/8,TRIDENT,98.00%
81211978,2019,2005,5/8,NEPTUNE,83.57%
17737822,2018,2002,5/8,BADGER,99.85%
90488660,2018,1990,5/8,BADGER,99.87%
36838768,2019,1992,"5/8""",NEPTUNE,100.51%
78731942,2019,2003,"5/8""",NEPTUNE,93.22%
82820997,2018,2006,5/8,NEPTUNE,99.04%
42721448,2019,1997,5/8,NEPTUNE,98.15%
80325066,2018,2004,5/8,NEPTUNE,99.17%
17566248,2018,2017,5/8,BADGER,100.00%
41011236,2019,1995,5/8,NEPTUNE,95.14%
91188647,2018,1991,5/8,BADGER,99.66%
90488764,2019,1990,5/8,BADGER,99.22%
90488658,2019,1990,5/8,BADGER,100.19%
94304144,2019,1994,5/8,BADGER,97.62%
83617973,2018,2007,5/8,NEPTUNE,89.74%
16018465,2018,2016,5/8,BADGER,100.37%
73340697,2019,2000,5/8,NEPTUNE,99.51%
78733686,2018,2003,5/8,NEPTUNE,99.46%
79079192,2018,2004,5/8,NEPTUNE,100.63%
83100570,2018,2006,5/8,NEPTUNE,98.37%
84064462,2018,2007,5/8,NEPTUNE,98.13%
18855136,2019,2003,5/8,BADGER,100.26%
79078863,2018,2004,5/8,NEPTUNE,98.83%
37806360,2018,1993,5/8,NEPTUNE,98.74%
17566180,2018,2001,5/8,BADGER,100.60%
92153801,2018,2012,5/8,NEPTUNE,98.13%
41161657,2018,1995,5/8,NEPTUNE,99.20%
42284060,2018,1992,5/8,NEPTUNE,99.39%
79405213,2019,2004,5/8,NEPTUNE,98.76%
79406863,2019,2004,5/8,NEPTUNE,99.09%
18086356,2018,2002,5/8,BADGER,100.15%
79405690,2019,2004,5/8,NEPTUNE,99.89%
45251683,2019,1998,5/8,NEPTUNE,98.71%
83617791,2019,2007,5/8,NEPTUNE,98.85%
5974935,2018,1959,5/8,TRIDENT,98.65%
80326625,2019,2004,5/8,NEPTUNE,99.25%
18103970,2019,2010,"5/8""",BADGER,100.19%
91665895,2018,2012,5/8,NEPTUNE,98.83%
38009970,2018,1993,5/8,NEPTUNE,99.17%
18474904,2019,2002,1,BADGER,100.83%
32801451,2019,1988,5/8,NEPTUNE,95.74%
31228589,2018,1989,5/8,NEPTUNE,101.79%
43165017,2019,1997,5/8,NEPTUNE,98.38%
88523735,2018,2009,5/8,NEPTUNE,99.62%
92153068,2019,2012,"5/8""",NEPTUNE,99.22%
85380344,2018,2007,5/8,NEPTUNE,97.31%
19077627,2019,2003,5/8,BADGER,100.03%
84835630,2020,2007,"5/8""",NEPTUNE,96.98%
94305860,2019,1994,5/8,BADGER,98.63%
90364552,2019,2011,5/8,NEPTUNE,99.39%
14740883,2018,1956,5/8,TRIDENT,97.04%
92152750,2019,2013,5/8,NEPTUNE,98.50%
74231734,2019,2000,5/8,NEPTUNE,99.33%
92894859,2019,2012,5/8,NEPTUNE,83.69%
33546601,2018,1988,5/8,NEPTUNE,99.45%
74595004,2018,2000,5/8,NEPTUNE,83.41%
18657725,2019,2003,5/8,BADGER,99.44%
91377737,2019,2011,5/8,NEPTUNE,99.26%
2873846,2019,1953,5/8,TRIDENT,84.38%
15251695,2019,2015,"5/8""",BADGER,100.46%
18856212,2019,2003,"5/8""",BADGER,100.94%
36441247,2019,1991,5/8,NEPTUNE,100.31%
90488312,2019,1990,5/8,BADGER,100.54%
33117749,2019,1988,5/8,NEPTUNE,97.59%
82820739,2018,2006,5/8,NEPTUNE,84.36%
33885991,2019,1989,5/8,NEPTUNE,80.18%
82284206,2019,2006,5/8,NEPTUNE,98.93%
38992981,2019,1994,"5/8""",NEPTUNE,100.55%
18085666,2019,2002,5/8,BADGER,98.44%
40650588,2019,1995,5/8,NEPTUNE,98.44%
5201610,2018,1960,5/8,TRIDENT,86.53%
45575029,2019,1999,"5/8""",NEPTUNE,100.50%
80863354,2019,2005,5/8,NEPTUNE,87.05%
37086558,2019,1992,5/8,NEPTUNE,99.60%
46568670,2019,1999,"5/8""",NEPTUNE,99.45%
84834190,2019,2007,"5/8""",NEPTUNE,96.58%
84833878,2018,2007,5/8,NEPTUNE,95.93%
27936220,2019,1981,5/8,NEPTUNE,79.09%
12588236,2019,1958,5/8,TRIDENT,99.88%
42720473,2019,1997,5/8,NEPTUNE,98.88%
94305281,2018,1994,5/8,BADGER,95.72%
44127706,2018,1998,5/8,NEPTUNE,98.26%
81209972,2018,2005,5/8,NEPTUNE,84.17%
85380199,2018,2007,5/8,NEPTUNE,94.99%
43765961,2018,1997,5/8,NEPTUNE,98.57%
83100578,2019,2006,5/8,NEPTUNE,97.52%
18432656,2018,2002,5/8,BADGER,99.52%
85379072,2018,2007,5/8,NEPTUNE,-3.87%
80861209,2018,2005,5/8,NEPTUNE,99.79%
80863289,2019,2005,5/8,NEPTUNE,100.08%
91377376,2018,2011,5/8,NEPTUNE,98.67%
78733797,2018,2003,5/8,NEPTUNE,98.33%
43164945,2018,1997,5/8,NEPTUNE,98.96%
23759173,2018,1978,5/8,NEPTUNE,96.98%
83102632,2019,2006,5/8,NEPTUNE,92.07%
4588731X,2018,1999,5/8,NEPTUNE,99.15%
18055191,2019,2010,"5/8""",BADGER,100.63%
36946550,2019,1992,"5/8""",NEPTUNE,99.12%
82820301,2018,2006,5/8,NEPTUNE,85.56%
41161564,2019,1995,5/8,NEPTUNE,99.28%
9313317,2019,1951,5/8,TRIDENT,87.09%
73695529,2018,2000,5/8,NEPTUNE,99.54%
92841196,2018,2012,5/8,NEPTUNE,97.63%
74595251,2019,2000,5/8,NEPTUNE,99.03%
2650145,2018,1952,5/8,TRIDENT,91.91%
45251819,2018,1998,5/8,NEPTUNE,99.46%
44463795,2018,1998,5/8,NEPTUNE,97.76%
83102251,2018,2006,5/8,NEPTUNE,98.10%
13486012,2018,2013,5/8,BADGER,99.88%
79078815,2018,2004,5/8,NEPTUNE,99.28%
34567085,2018,1990,5/8,NEPTUNE,77.70%
8199503,2019,1954,5/8,TRIDENT,90.63%
18102376,2019,2010,"5/8""",BADGER,100.44%
29950608,2018,1980,5/8,NEPTUNE,18.81%
18656160,2018,2003,5/8,BADGER,100.14%
85380400,2018,2007,5/8,NEPTUNE,84.44%
1778850,2018,1960,5/8,TRIDENT,94.09%
6039111,2019,1954,5/8,TRIDENT,96.82%
42501417,2019,1987,5/8,NEPTUNE,99.46%
28996944,2018,1983,5/8,NEPTUNE,101.55%
94707899,2019,1994,5/8,BADGER,100.05%
90366970,2018,2011,"5/8""",NEPTUNE,100.76%
41748233,2018,1996,5/8,NEPTUNE,100.22%
44129434,2018,1998,5/8,NEPTUNE,99.07%
43430907,2019,1997,5/8,NEPTUNE,98.93%
17268091,2019,2001,5/8,BADGER,98.53%
83102282,2019,2006,5/8,NEPTUNE,93.63%
18086251,2018,2002,5/8,BADGER,99.98%
79078861,2018,2004,5/8,NEPTUNE,99.94%
44464696,2018,1998,5/8,NEPTUNE,99.31%
18376616,2019,2010,"5/8""",BADGER,100.63%
17737978,2019,2002,5/8,BADGER,95.81%
17564510,2018,2001,5/8,BADGER,97.81%
34494736,2019,1990,5/8,NEPTUNE,94.49%
33466438,2018,1988,5/8,NEPTUNE,95.95%
90779209,2018,1990,5/8,BADGER,99.22%
94205068,2019,1994,"5/8""",BADGER,100.73%
84319059,2018,2007,"5/8""",NEPTUNE,85.04%
42718717,2019,1997,5/8,NEPTUNE,98.15%
44463803,2018,1998,5/8,NEPTUNE,98.10%
41993801,2018,1996,5/8,NEPTUNE,98.64%
85637321,2018,2008,5/8,NEPTUNE,98.95%
73696276,2019,2000,"5/8""",NEPTUNE,101.24%
36023434,2019,1991,"5/8""",NEPTUNE,21.00%
42948911,2019,1997,5/8,NEPTUNE,99.88%
73341649,2019,2000,5/8,NEPTUNE,99.50%
37679680,2018,1992,5/8,NEPTUNE,97.39%
80324944,2018,2004,5/8,NEPTUNE,100.32%
78395521,2019,2003,5/8,NEPTUNE,94.11%
28883580,2018,1983,5/8,NEPTUNE,101.62%
7779622,2019,1955,5/8,TRIDENT,98.18%
17232880,2018,2010,1,BADGER,100.67%
89018442,2018,2010,5/8,NEPTUNE,97.91%
45887546,2018,1999,5/8,NEPTUNE,98.54%
13650198,2019,1958,5/8,TRIDENT,90.98%
90780517,2018,1990,5/8,BADGER,99.72%
85380270,2018,2007,5/8,NEPTUNE,95.70%
85379835,2019,2008,5/8,NEPTUNE,96.41%
95210454,2018,1995,5/8,BADGER,99.78%
35826456,2019,1991,5/8,NEPTUNE,99.34%
30554823,2019,1985,5/8,NEPTUNE,99.76%
17565818,2018,2001,5/8,BADGER,99.48%
12062592,2018,2010,"1""",BADGER,100.18%
15201789,2019,2010,"5/8""",BADGER,100.86%
41162203,2018,1995,5/8,NEPTUNE,97.85%
46940853,2018,1999,5/8,NEPTUNE,98.87%
46940673,2019,1999,"5/8""",NEPTUNE,99.95%
82820529,2018,2006,5/8,NEPTUNE,98.66%
43764874,2018,1997,5/8,NEPTUNE,98.24%
79404940,2019,2004,5/8,NEPTUNE,99.40%
37525145,2018,1992,5/8,NEPTUNE,98.94%
41012058,2019,1995,5/8,NEPTUNE,100.24%
8034768,2018,1957,5/8,TRIDENT,97.16%
41523049,2018,1996,5/8,NEPTUNE,91.38%
18503411,2018,2019,"5/8"" ",BADGER,99.65%
91376544,2018,2011,5/8,NEPTUNE,98.32%
43765871,2018,1997,"5/8""",NEPTUNE,100.29%
45251522,2019,1998,5/8,NEPTUNE,99.01%
32950310,2018,1988,5/8,NEPTUNE,97.21%
42285637,2019,1996,5/8,NEPTUNE,92.74%
90647386,2018,1990,5/8,BADGER,99.09%
60035022,2019,2010,1,NEPTUNE,96.52%
41012014,2019,1995,5/8,NEPTUNE,97.73%
18829090,2018,2018,"5/8""",BADGER,100.63%
42499989,2019,1996,5/8,NEPTUNE,100.03%
772164,2018,1955,5/8,TRIDENT,94.53%
60811854,2018,2013,1,NEPTUNE,100.40%
18855322,2019,2003,5/8,BADGER,100.31%
90366871,2018,2011,5/8,NEPTUNE,100.00%
85639028,2018,2008,5/8,NEPTUNE,85.61%
85637778,2018,2008,5/8,NEPTUNE,97.74%
44127123,2018,1998,5/8,NEPTUNE,98.33%
2645779,2019,1959,5/8,TRIDENT,96.41%
90847731,2018,1990,5/8,BADGER,100.56%
18853387,2018,2003,5/8,BADGER,99.04%
87107117,2019,2009,5/8,NEPTUNE,99.11%
16995933,2018,2001,5/8,BADGER,98.72%
86697925,2018,2008,5/8,NEPTUNE,99.01%
78733457,2019,2003,5/8,NEPTUNE,99.24%
18432695,2018,2002,5/8,BADGER,100.22%
44761829,2018,1998,5/8,NEPTUNE,99.23%
79405612,2019,2004,"5/8""",NEPTUNE,99.29%
35071330,2018,1996,3/4,NEPTUNE,98.98%
25180621,2019,1978,"5/8""",NEPTUNE,84.45%
41013099,2019,1995,5/8,NEPTUNE,99.08%
42285040,2019,1996,5/8,NEPTUNE,99.87%
93277095,2018,2013,5/8,NEPTUNE,99.12%
82822395,2018,2006,5/8,NEPTUNE,98.93%
10343780,2019,1955,5/8,TRIDENT,93.81%
32801305,2019,1988,5/8,NEPTUNE,97.19%
15340284,2018,2010,"1""",BADGER,100.25%
37679841,2018,1992,5/8,NEPTUNE,99.69%
25659636,2019,1979,5/8,NEPTUNE,84.91%
42719501,2018,1997,5/8,NEPTUNE,98.51%
479376,2018,1959,5/8,TRIDENT,0.00%
82820161,2018,2006,5/8,NEPTUNE,99.97%
18627324,2019,2018,"5/8""",BADGER,99.98%
18854497,2019,2003,5/8,BADGER,99.41%
45249169,2019,1998,"5/8""",NEPTUNE,99.64%
92842440,2018,2012,5/8,NEPTUNE,83.11%
3492682,2018,1957,5/8,TRIDENT,100.08%
44463511,2018,1998,5/8,NEPTUNE,97.86%
83101221,2019,2006,5/8,NEPTUNE,83.90%
81547116,2019,2005,5/8,NEPTUNE,98.12%
84067377,2019,2007,"5/8""",NEPTUNE,99.94%
44759685,2019,1998,5/8,NEPTUNE,99.66%
91666411,2019,2012,5/8,NEPTUNE,99.72%
82283580,2019,2006,5/8,NEPTUNE,99.80%
80863353,2019,2005,5/8,NEPTUNE,100.25%
90364522,2018,2011,5/8,NEPTUNE,99.27%
16587172,2019,2010,"5/8""",BADGER,100.77%
79078784,2019,2004,5/8,NEPTUNE,98.68%
17566060,2018,2001,5/8,BADGER,99.72%
79079103,2018,2004,5/8,NEPTUNE,99.78%
79405713,2019,2004,5/8,NEPTUNE,100.23%
88522483,2019,2009,5/8,NEPTUNE,91.49%
95042560,2018,1995,5/8,BADGER,99.44%
84836426,2019,2007,5/8,NEPTUNE,97.70%
95042198,2019,1995,5/8,BADGER,99.89%
17207084,2018,2001,5/8,BADGER,99.41%
79404263,2018,2004,5/8,NEPTUNE,99.69%
9741892,2019,1955,5/8,TRIDENT,97.22%
17566187,2018,2001,5/8,BADGER,100.34%
32799747,2019,1988,5/8,NEPTUNE,100.36%
46568849,2018,1999,"5/8""",NEPTUNE,99.75%
79405116,2019,2004,5/8,NEPTUNE,99.45%
29062726,2018,1983,5/8,NEPTUNE,100.03%
79078673,2018,2004,5/8,NEPTUNE,99.52%
41161884,2019,1995,5/8,NEPTUNE,100.01%
14412236,2019,2014,"5/8""",BADGER,100.25%
45250264,2018,1998,5/8,NEPTUNE,97.55%
17737591,2018,2002,5/8,BADGER,99.50%
19077944,2019,2003,5/8,BADGER,99.24%
13388718,2019,1955,5/8,TRIDENT,98.31%
88523136,2019,2009,5/8,NEPTUNE,98.80%
80325225,2018,2004,5/8,NEPTUNE,99.15%
91666484,2018,2012,5/8,NEPTUNE,99.09%
43164056,2018,1997,5/8,NEPTUNE,98.59%
18086323,2018,2018,5/8,BADGER,99.88%
73693787,2018,2000,5/8,NEPTUNE,99.16%
38037579,2019,1993,5/8,NEPTUNE,97.69%
89943418,2018,2010,5/8,NEPTUNE,98.52%
90731730,2018,2011,5/8,NEPTUNE,98.93%
79703906,2019,2004,5/8,NEPTUNE,99.91%
37087207,2018,1992,5/8,NEPTUNE,97.56%
89945272,2019,2010,5/8,NEPTUNE,96.43%
94304280,2019,1994,5/8,BADGER,99.20%
19079581,2019,2003,5/8,BADGER,100.00%
18853626,2018,2003,5/8,BADGER,99.77%
19078535,2018,2003,5/8,BADGER,100.12%
83102648,2018,2006,5/8,NEPTUNE,99.25%
31141889,2019,1980,5/8,NEPTUNE,101.76%
90778864,2019,1990,5/8,BADGER,95.37%
17736972,2018,2002,5/8,BADGER,98.46%
33378006,2018,1988,5/8,NEPTUNE,85.89%
18855939,2019,2003,5/8,BADGER,99.92%
74593909,2019,2000,"5/8""",NEPTUNE,86.92%
18856084,2018,2003,5/8,BADGER,100.12%
94305686,2018,1994,5/8,BADGER,99.32%
94705548,2018,1994,5/8,BADGER,100.87%
90847665,2018,1990,5/8,BADGER,98.49%
42719940,2018,1997,5/8,NEPTUNE,98.66%
6210111,2018,1955,"5/8""",TRIDENT,98.17%
43431524,2018,1997,5/8,NEPTUNE,98.24%
44463657,2019,1998,5/8,NEPTUNE,98.99%
86697443,2018,2008,5/8,NEPTUNE,99.87%
89944927,2019,2010,5/8,NEPTUNE,92.34%
90365626,2019,2011,5/8,NEPTUNE,99.51%
16722521,2019,2010,"5/8""",BADGER,100.22%
80326720,2019,2004,5/8,NEPTUNE,99.86%
78394643,2018,2003,5/8,NEPTUNE,99.93%
94707820,2018,1994,5/8,BADGER,98.73%
38010853,2019,1993,5/8,NEPTUNE,99.62%
11470329,2018,2011,1,BADGER,97.67%
35826044,2018,1991,5/8,NEPTUNE,97.60%
13622461,2019,2000,"5/8""",BADGER,100.80%
74230546,2019,2000,"5/8""",NEPTUNE,100.14%
74592944,2019,2000,5/8,NEPTUNE,98.91%
40738700,2019,1995,5/8,NEPTUNE,99.12%
80862866,2019,2005,"5/8""",NEPTUNE,100.12%
17729077,2019,2017,"5/8""",BADGER,100.98%
86241134,2018,2008,5/8,NEPTUNE,99.87%
87106868,2018,2009,5/8,NEPTUNE,99.50%
82283307,2018,2006,5/8,NEPTUNE,99.13%
42719545,2018,1997,5/8,NEPTUNE,98.80%
84318664,2019,2007,5/8,NEPTUNE,99.93%
44463430,2018,1998,5/8,NEPTUNE,98.44%
8781150,2019,1958,5/8,TRIDENT,100.39%
91665362,2019,2012,5/8,NEPTUNE,99.56%
15555470,2019,2010,"5/8""",BADGER,100.31%
92843134,2018,2012,5/8,NEPTUNE,98.63%
80324278,2018,2004,5/8,NEPTUNE,98.79%